 Rows: Electric field / N (Td)                                         
  0.1000E-01   8.484       16.96       25.43       33.91       42.38       50.86       59.33       67.81       76.28    
   84.75       93.23       101.7       110.2       118.7       127.1       135.6       144.1       152.5       161.0    
   169.5       178.0       186.4       194.9       203.4       211.9       220.3       228.8       237.3       245.8    
   254.2       262.7       271.2       279.7       288.1       296.6       305.1       313.6       322.0       330.5    
   339.0       347.5       355.9       364.4       372.9       381.4       389.8       398.3       406.8       415.3    
   423.7       432.2       440.7       449.2       457.6       466.1       474.6       483.1       491.5       500.0    

 Columns: Mole fraction He
   0.000      0.3333      0.6667       1.000    

 Columns: Mole fraction N2
  0.8000      0.5333      0.2667       0.000    

 Columns: Mole fraction O2
  0.2000      0.1333      0.6667E-01   0.000    

 Mean energy (eV)                                                
  0.5233E-01  0.4307E-01  0.4103E-01  0.4018E-01
   8.036       6.045       5.553       5.377    
   17.90       8.027       7.548       7.187    
   30.32       8.877       8.317       7.953    
   46.57       9.590       8.940       8.598    
   66.57       10.25       9.516       9.216    
   90.75       10.89       10.07       9.833    
   120.3       11.51       10.61       10.45    
   156.8       12.12       11.15       11.09    
   202.5       12.72       11.68       11.73    
   260.6       13.31       12.21       12.39    
   337.2       13.90       12.73       13.06    
   440.6       14.49       13.26       13.76    
   581.7       15.08       13.78       14.47    
   770.9       15.67       14.31       15.19    
   1013.       16.25       14.83       15.94    
   1304.       16.84       15.36       16.70    
   1631.       17.43       15.89       17.49    
   1975.       18.02       16.42       18.28    
   2318.       18.61       16.96       19.10    
   2646.       19.20       17.50       19.94    
   2952.       19.80       18.04       20.78    
   3231.       20.40       18.58       21.66    
   3482.       21.00       19.13       22.53    
   3706.       21.60       19.68       23.43    
   3905.       22.21       20.23       24.34    
   4082.       22.83       20.79       25.26    
   4239.       23.44       21.35       26.20    
   4378.       24.07       21.92       27.13    
   4502.       24.69       22.49       28.10    
   4613.       25.32       23.06       29.06    
   4712.       25.95       23.64       30.05    
   4801.       26.59       24.22       31.02    
   4881.       27.23       24.80       32.03    
   4954.       27.88       25.39       33.04    
   5019.       28.54       25.99       34.06    
   5079.       29.19       26.58       35.07    
   5133.       29.86       27.19       36.12    
   5183.       30.52       27.79       37.16    
   5228.       31.20       28.41       38.21    
   5270.       31.87       29.02       39.26    
   5308.       32.56       29.64       40.34    
   5343.       33.24       30.26       41.41    
   5376.       33.94       30.89       42.47    
   5406.       34.63       31.52       43.57    
   5435.       35.34       32.16       44.68    
   5461.       36.05       32.80       45.79    
   5485.       36.76       33.45       46.89    
   5508.       37.49       34.10       47.99    
   5529.       38.21       34.75       49.11    
   5549.       38.94       35.41       50.27    
   5567.       39.68       36.08       51.40    
   5585.       40.42       36.75       52.56    
   5601.       41.17       37.42       53.72    
   5617.       41.92       38.09       54.87    
   5631.       42.68       38.78       56.02    
   5645.       43.45       39.47       57.20    
   5658.       44.22       40.16       58.38    
   5670.       45.00       40.85       59.60    
   5682.       45.79       41.55       60.80    

 Mobility *N (1/m/V/s)                                           
  0.2619E+26  0.2918E+26  0.2660E+26  0.2392E+26
  0.8436E+24  0.1167E+25  0.1528E+25  0.2121E+25
  0.6354E+24  0.1066E+25  0.1442E+25  0.2188E+25
  0.5546E+24  0.1038E+25  0.1423E+25  0.2240E+25
  0.5176E+24  0.1018E+25  0.1411E+25  0.2289E+25
  0.4959E+24  0.1001E+25  0.1402E+25  0.2339E+25
  0.4829E+24  0.9853E+24  0.1393E+25  0.2390E+25
  0.4767E+24  0.9710E+24  0.1385E+25  0.2443E+25
  0.4761E+24  0.9578E+24  0.1378E+25  0.2497E+25
  0.4805E+24  0.9457E+24  0.1371E+25  0.2552E+25
  0.4898E+24  0.9345E+24  0.1365E+25  0.2606E+25
  0.5047E+24  0.9238E+24  0.1359E+25  0.2661E+25
  0.5259E+24  0.9140E+24  0.1353E+25  0.2715E+25
  0.5536E+24  0.9048E+24  0.1348E+25  0.2768E+25
  0.5865E+24  0.8962E+24  0.1343E+25  0.2819E+25
  0.6215E+24  0.8880E+24  0.1338E+25  0.2871E+25
  0.6539E+24  0.8804E+24  0.1333E+25  0.2921E+25
  0.6793E+24  0.8731E+24  0.1329E+25  0.2967E+25
  0.6950E+24  0.8663E+24  0.1325E+25  0.3011E+25
  0.7001E+24  0.8600E+24  0.1321E+25  0.3055E+25
  0.6956E+24  0.8539E+24  0.1317E+25  0.3096E+25
  0.6830E+24  0.8480E+24  0.1313E+25  0.3133E+25
  0.6645E+24  0.8425E+24  0.1310E+25  0.3174E+25
  0.6420E+24  0.8371E+24  0.1306E+25  0.3204E+25
  0.6169E+24  0.8321E+24  0.1303E+25  0.3238E+25
  0.5905E+24  0.8272E+24  0.1299E+25  0.3268E+25
  0.5637E+24  0.8227E+24  0.1296E+25  0.3296E+25
  0.5371E+24  0.8183E+24  0.1293E+25  0.3324E+25
  0.5112E+24  0.8140E+24  0.1290E+25  0.3344E+25
  0.4862E+24  0.8100E+24  0.1287E+25  0.3368E+25
  0.4623E+24  0.8062E+24  0.1284E+25  0.3387E+25
  0.4396E+24  0.8023E+24  0.1282E+25  0.3408E+25
  0.4181E+24  0.7988E+24  0.1279E+25  0.3421E+25
  0.3978E+24  0.7951E+24  0.1276E+25  0.3439E+25
  0.3787E+24  0.7918E+24  0.1274E+25  0.3451E+25
  0.3607E+24  0.7887E+24  0.1271E+25  0.3466E+25
  0.3438E+24  0.7854E+24  0.1268E+25  0.3473E+25
  0.3279E+24  0.7826E+24  0.1266E+25  0.3485E+25
  0.3130E+24  0.7795E+24  0.1263E+25  0.3493E+25
  0.2989E+24  0.7767E+24  0.1261E+25  0.3500E+25
  0.2858E+24  0.7740E+24  0.1258E+25  0.3506E+25
  0.2734E+24  0.7713E+24  0.1256E+25  0.3514E+25
  0.2617E+24  0.7686E+24  0.1254E+25  0.3517E+25
  0.2508E+24  0.7662E+24  0.1251E+25  0.3518E+25
  0.2404E+24  0.7637E+24  0.1249E+25  0.3522E+25
  0.2307E+24  0.7616E+24  0.1247E+25  0.3526E+25
  0.2215E+24  0.7590E+24  0.1245E+25  0.3529E+25
  0.2128E+24  0.7567E+24  0.1242E+25  0.3529E+25
  0.2047E+24  0.7548E+24  0.1240E+25  0.3525E+25
  0.1969E+24  0.7527E+24  0.1238E+25  0.3525E+25
  0.1896E+24  0.7505E+24  0.1236E+25  0.3527E+25
  0.1826E+24  0.7485E+24  0.1234E+25  0.3525E+25
  0.1761E+24  0.7466E+24  0.1232E+25  0.3526E+25
  0.1698E+24  0.7447E+24  0.1230E+25  0.3524E+25
  0.1639E+24  0.7428E+24  0.1227E+25  0.3519E+25
  0.1583E+24  0.7409E+24  0.1225E+25  0.3515E+25
  0.1529E+24  0.7392E+24  0.1224E+25  0.3512E+25
  0.1479E+24  0.7374E+24  0.1222E+25  0.3508E+25
  0.1430E+24  0.7360E+24  0.1220E+25  0.3507E+25
  0.1384E+24  0.7344E+24  0.1218E+25  0.3503E+25

 Re/perp mobility *N (1/m/V/s)                                   
   0.000       0.000       0.000       0.000    
   0.000       0.000       0.000       0.000    
   0.000       0.000       0.000       0.000    
   0.000       0.000       0.000       0.000    
   0.000       0.000       0.000       0.000    
   0.000       0.000       0.000       0.000    
   0.000       0.000       0.000       0.000    
   0.000       0.000       0.000       0.000    
   0.000       0.000       0.000       0.000    
   0.000       0.000       0.000       0.000    
   0.000       0.000       0.000       0.000    
   0.000       0.000       0.000       0.000    
   0.000       0.000       0.000       0.000    
   0.000       0.000       0.000       0.000    
   0.000       0.000       0.000       0.000    
   0.000       0.000       0.000       0.000    
   0.000       0.000       0.000       0.000    
   0.000       0.000       0.000       0.000    
   0.000       0.000       0.000       0.000    
   0.000       0.000       0.000       0.000    
   0.000       0.000       0.000       0.000    
   0.000       0.000       0.000       0.000    
   0.000       0.000       0.000       0.000    
   0.000       0.000       0.000       0.000    
   0.000       0.000       0.000       0.000    
   0.000       0.000       0.000       0.000    
   0.000       0.000       0.000       0.000    
   0.000       0.000       0.000       0.000    
   0.000       0.000       0.000       0.000    
   0.000       0.000       0.000       0.000    
   0.000       0.000       0.000       0.000    
   0.000       0.000       0.000       0.000    
   0.000       0.000       0.000       0.000    
   0.000       0.000       0.000       0.000    
   0.000       0.000       0.000       0.000    
   0.000       0.000       0.000       0.000    
   0.000       0.000       0.000       0.000    
   0.000       0.000       0.000       0.000    
   0.000       0.000       0.000       0.000    
   0.000       0.000       0.000       0.000    
   0.000       0.000       0.000       0.000    
   0.000       0.000       0.000       0.000    
   0.000       0.000       0.000       0.000    
   0.000       0.000       0.000       0.000    
   0.000       0.000       0.000       0.000    
   0.000       0.000       0.000       0.000    
   0.000       0.000       0.000       0.000    
   0.000       0.000       0.000       0.000    
   0.000       0.000       0.000       0.000    
   0.000       0.000       0.000       0.000    
   0.000       0.000       0.000       0.000    
   0.000       0.000       0.000       0.000    
   0.000       0.000       0.000       0.000    
   0.000       0.000       0.000       0.000    
   0.000       0.000       0.000       0.000    
   0.000       0.000       0.000       0.000    
   0.000       0.000       0.000       0.000    
   0.000       0.000       0.000       0.000    
   0.000       0.000       0.000       0.000    
   0.000       0.000       0.000       0.000    

 Im/Hall mobility *N (1/m/V/s)                                   
   0.000       0.000       0.000       0.000    
   0.000       0.000       0.000       0.000    
   0.000       0.000       0.000       0.000    
   0.000       0.000       0.000       0.000    
   0.000       0.000       0.000       0.000    
   0.000       0.000       0.000       0.000    
   0.000       0.000       0.000       0.000    
   0.000       0.000       0.000       0.000    
   0.000       0.000       0.000       0.000    
   0.000       0.000       0.000       0.000    
   0.000       0.000       0.000       0.000    
   0.000       0.000       0.000       0.000    
   0.000       0.000       0.000       0.000    
   0.000       0.000       0.000       0.000    
   0.000       0.000       0.000       0.000    
   0.000       0.000       0.000       0.000    
   0.000       0.000       0.000       0.000    
   0.000       0.000       0.000       0.000    
   0.000       0.000       0.000       0.000    
   0.000       0.000       0.000       0.000    
   0.000       0.000       0.000       0.000    
   0.000       0.000       0.000       0.000    
   0.000       0.000       0.000       0.000    
   0.000       0.000       0.000       0.000    
   0.000       0.000       0.000       0.000    
   0.000       0.000       0.000       0.000    
   0.000       0.000       0.000       0.000    
   0.000       0.000       0.000       0.000    
   0.000       0.000       0.000       0.000    
   0.000       0.000       0.000       0.000    
   0.000       0.000       0.000       0.000    
   0.000       0.000       0.000       0.000    
   0.000       0.000       0.000       0.000    
   0.000       0.000       0.000       0.000    
   0.000       0.000       0.000       0.000    
   0.000       0.000       0.000       0.000    
   0.000       0.000       0.000       0.000    
   0.000       0.000       0.000       0.000    
   0.000       0.000       0.000       0.000    
   0.000       0.000       0.000       0.000    
   0.000       0.000       0.000       0.000    
   0.000       0.000       0.000       0.000    
   0.000       0.000       0.000       0.000    
   0.000       0.000       0.000       0.000    
   0.000       0.000       0.000       0.000    
   0.000       0.000       0.000       0.000    
   0.000       0.000       0.000       0.000    
   0.000       0.000       0.000       0.000    
   0.000       0.000       0.000       0.000    
   0.000       0.000       0.000       0.000    
   0.000       0.000       0.000       0.000    
   0.000       0.000       0.000       0.000    
   0.000       0.000       0.000       0.000    
   0.000       0.000       0.000       0.000    
   0.000       0.000       0.000       0.000    
   0.000       0.000       0.000       0.000    
   0.000       0.000       0.000       0.000    
   0.000       0.000       0.000       0.000    
   0.000       0.000       0.000       0.000    
   0.000       0.000       0.000       0.000    

 Bulk mobility *N (1/m/V/s)                                      
   0.000       0.000       0.000       0.000    
   0.000       0.000       0.000       0.000    
   0.000       0.000       0.000       0.000    
   0.000       0.000       0.000       0.000    
   0.000       0.000       0.000       0.000    
   0.000       0.000       0.000       0.000    
   0.000       0.000       0.000       0.000    
   0.000       0.000       0.000       0.000    
   0.000       0.000       0.000       0.000    
   0.000       0.000       0.000       0.000    
   0.000       0.000       0.000       0.000    
   0.000       0.000       0.000       0.000    
   0.000       0.000       0.000       0.000    
   0.000       0.000       0.000       0.000    
   0.000       0.000       0.000       0.000    
   0.000       0.000       0.000       0.000    
   0.000       0.000       0.000       0.000    
   0.000       0.000       0.000       0.000    
   0.000       0.000       0.000       0.000    
   0.000       0.000       0.000       0.000    
   0.000       0.000       0.000       0.000    
   0.000       0.000       0.000       0.000    
   0.000       0.000       0.000       0.000    
   0.000       0.000       0.000       0.000    
   0.000       0.000       0.000       0.000    
   0.000       0.000       0.000       0.000    
   0.000       0.000       0.000       0.000    
   0.000       0.000       0.000       0.000    
   0.000       0.000       0.000       0.000    
   0.000       0.000       0.000       0.000    
   0.000       0.000       0.000       0.000    
   0.000       0.000       0.000       0.000    
   0.000       0.000       0.000       0.000    
   0.000       0.000       0.000       0.000    
   0.000       0.000       0.000       0.000    
   0.000       0.000       0.000       0.000    
   0.000       0.000       0.000       0.000    
   0.000       0.000       0.000       0.000    
   0.000       0.000       0.000       0.000    
   0.000       0.000       0.000       0.000    
   0.000       0.000       0.000       0.000    
   0.000       0.000       0.000       0.000    
   0.000       0.000       0.000       0.000    
   0.000       0.000       0.000       0.000    
   0.000       0.000       0.000       0.000    
   0.000       0.000       0.000       0.000    
   0.000       0.000       0.000       0.000    
   0.000       0.000       0.000       0.000    
   0.000       0.000       0.000       0.000    
   0.000       0.000       0.000       0.000    
   0.000       0.000       0.000       0.000    
   0.000       0.000       0.000       0.000    
   0.000       0.000       0.000       0.000    
   0.000       0.000       0.000       0.000    
   0.000       0.000       0.000       0.000    
   0.000       0.000       0.000       0.000    
   0.000       0.000       0.000       0.000    
   0.000       0.000       0.000       0.000    
   0.000       0.000       0.000       0.000    
   0.000       0.000       0.000       0.000    

 Diffusion coefficient *N (1/m/s)                                
  0.1140E+25  0.9005E+24  0.7525E+24  0.6535E+24
  0.5095E+25  0.5102E+25  0.5950E+25  0.7811E+25
  0.8252E+25  0.6133E+25  0.7528E+25  0.1038E+26
  0.1186E+26  0.6552E+25  0.8141E+25  0.1167E+26
  0.1663E+26  0.6907E+25  0.8645E+25  0.1286E+26
  0.2250E+26  0.7230E+25  0.9116E+25  0.1408E+26
  0.2965E+26  0.7542E+25  0.9573E+25  0.1537E+26
  0.3863E+26  0.7840E+25  0.1002E+26  0.1673E+26
  0.5019E+26  0.8128E+25  0.1045E+26  0.1817E+26
  0.6560E+26  0.8413E+25  0.1089E+26  0.1970E+26
  0.8676E+26  0.8692E+25  0.1132E+26  0.2131E+26
  0.1176E+27  0.8963E+25  0.1175E+26  0.2302E+26
  0.1643E+27  0.9231E+25  0.1217E+26  0.2482E+26
  0.2360E+27  0.9497E+25  0.1260E+26  0.2669E+26
  0.3426E+27  0.9761E+25  0.1302E+26  0.2865E+26
  0.4913E+27  0.1002E+26  0.1344E+26  0.3070E+26
  0.6824E+27  0.1028E+26  0.1387E+26  0.3284E+26
  0.9080E+27  0.1054E+26  0.1429E+26  0.3502E+26
  0.1155E+28  0.1080E+26  0.1471E+26  0.3726E+26
  0.1410E+28  0.1107E+26  0.1514E+26  0.3959E+26
  0.1660E+28  0.1133E+26  0.1557E+26  0.4196E+26
  0.1898E+28  0.1158E+26  0.1600E+26  0.4436E+26
  0.2118E+28  0.1185E+26  0.1643E+26  0.4691E+26
  0.2320E+28  0.1210E+26  0.1686E+26  0.4935E+26
  0.2501E+28  0.1237E+26  0.1729E+26  0.5191E+26
  0.2665E+28  0.1263E+26  0.1773E+26  0.5449E+26
  0.2811E+28  0.1290E+26  0.1816E+26  0.5708E+26
  0.2942E+28  0.1317E+26  0.1861E+26  0.5975E+26
  0.3059E+28  0.1343E+26  0.1905E+26  0.6230E+26
  0.3164E+28  0.1370E+26  0.1949E+26  0.6503E+26
  0.3258E+28  0.1398E+26  0.1993E+26  0.6766E+26
  0.3343E+28  0.1424E+26  0.2038E+26  0.7044E+26
  0.3420E+28  0.1452E+26  0.2083E+26  0.7299E+26
  0.3489E+28  0.1479E+26  0.2128E+26  0.7577E+26
  0.3551E+28  0.1507E+26  0.2174E+26  0.7838E+26
  0.3608E+28  0.1535E+26  0.2219E+26  0.8113E+26
  0.3660E+28  0.1563E+26  0.2265E+26  0.8372E+26
  0.3708E+28  0.1591E+26  0.2312E+26  0.8650E+26
  0.3751E+28  0.1619E+26  0.2357E+26  0.8917E+26
  0.3791E+28  0.1649E+26  0.2404E+26  0.9184E+26
  0.3827E+28  0.1678E+26  0.2451E+26  0.9453E+26
  0.3861E+28  0.1707E+26  0.2498E+26  0.9727E+26
  0.3892E+28  0.1735E+26  0.2545E+26  0.9994E+26
  0.3921E+28  0.1765E+26  0.2594E+26  0.1025E+27
  0.3948E+28  0.1794E+26  0.2641E+26  0.1052E+27
  0.3973E+28  0.1825E+26  0.2688E+26  0.1080E+27
  0.3996E+28  0.1854E+26  0.2737E+26  0.1107E+27
  0.4018E+28  0.1884E+26  0.2785E+26  0.1133E+27
  0.4038E+28  0.1916E+26  0.2835E+26  0.1158E+27
  0.4057E+28  0.1947E+26  0.2882E+26  0.1185E+27
  0.4075E+28  0.1977E+26  0.2931E+26  0.1213E+27
  0.4091E+28  0.2008E+26  0.2982E+26  0.1239E+27
  0.4107E+28  0.2039E+26  0.3032E+26  0.1267E+27
  0.4122E+28  0.2071E+26  0.3082E+26  0.1293E+27
  0.4136E+28  0.2102E+26  0.3131E+26  0.1319E+27
  0.4149E+28  0.2134E+26  0.3181E+26  0.1345E+27
  0.4161E+28  0.2167E+26  0.3232E+26  0.1371E+27
  0.4173E+28  0.2199E+26  0.3283E+26  0.1398E+27
  0.4184E+28  0.2233E+26  0.3333E+26  0.1426E+27
  0.4194E+28  0.2266E+26  0.3385E+26  0.1453E+27

 Longitud. diffusion coef. *N (1/m/s)                            
   0.000       0.000       0.000       0.000    
   0.000       0.000       0.000       0.000    
   0.000       0.000       0.000       0.000    
   0.000       0.000       0.000       0.000    
   0.000       0.000       0.000       0.000    
   0.000       0.000       0.000       0.000    
   0.000       0.000       0.000       0.000    
   0.000       0.000       0.000       0.000    
   0.000       0.000       0.000       0.000    
   0.000       0.000       0.000       0.000    
   0.000       0.000       0.000       0.000    
   0.000       0.000       0.000       0.000    
   0.000       0.000       0.000       0.000    
   0.000       0.000       0.000       0.000    
   0.000       0.000       0.000       0.000    
   0.000       0.000       0.000       0.000    
   0.000       0.000       0.000       0.000    
   0.000       0.000       0.000       0.000    
   0.000       0.000       0.000       0.000    
   0.000       0.000       0.000       0.000    
   0.000       0.000       0.000       0.000    
   0.000       0.000       0.000       0.000    
   0.000       0.000       0.000       0.000    
   0.000       0.000       0.000       0.000    
   0.000       0.000       0.000       0.000    
   0.000       0.000       0.000       0.000    
   0.000       0.000       0.000       0.000    
   0.000       0.000       0.000       0.000    
   0.000       0.000       0.000       0.000    
   0.000       0.000       0.000       0.000    
   0.000       0.000       0.000       0.000    
   0.000       0.000       0.000       0.000    
   0.000       0.000       0.000       0.000    
   0.000       0.000       0.000       0.000    
   0.000       0.000       0.000       0.000    
   0.000       0.000       0.000       0.000    
   0.000       0.000       0.000       0.000    
   0.000       0.000       0.000       0.000    
   0.000       0.000       0.000       0.000    
   0.000       0.000       0.000       0.000    
   0.000       0.000       0.000       0.000    
   0.000       0.000       0.000       0.000    
   0.000       0.000       0.000       0.000    
   0.000       0.000       0.000       0.000    
   0.000       0.000       0.000       0.000    
   0.000       0.000       0.000       0.000    
   0.000       0.000       0.000       0.000    
   0.000       0.000       0.000       0.000    
   0.000       0.000       0.000       0.000    
   0.000       0.000       0.000       0.000    
   0.000       0.000       0.000       0.000    
   0.000       0.000       0.000       0.000    
   0.000       0.000       0.000       0.000    
   0.000       0.000       0.000       0.000    
   0.000       0.000       0.000       0.000    
   0.000       0.000       0.000       0.000    
   0.000       0.000       0.000       0.000    
   0.000       0.000       0.000       0.000    
   0.000       0.000       0.000       0.000    
   0.000       0.000       0.000       0.000    

 Bulk T diffusion coef. *N (1/m/s)                               
   0.000       0.000       0.000       0.000    
   0.000       0.000       0.000       0.000    
   0.000       0.000       0.000       0.000    
   0.000       0.000       0.000       0.000    
   0.000       0.000       0.000       0.000    
   0.000       0.000       0.000       0.000    
   0.000       0.000       0.000       0.000    
   0.000       0.000       0.000       0.000    
   0.000       0.000       0.000       0.000    
   0.000       0.000       0.000       0.000    
   0.000       0.000       0.000       0.000    
   0.000       0.000       0.000       0.000    
   0.000       0.000       0.000       0.000    
   0.000       0.000       0.000       0.000    
   0.000       0.000       0.000       0.000    
   0.000       0.000       0.000       0.000    
   0.000       0.000       0.000       0.000    
   0.000       0.000       0.000       0.000    
   0.000       0.000       0.000       0.000    
   0.000       0.000       0.000       0.000    
   0.000       0.000       0.000       0.000    
   0.000       0.000       0.000       0.000    
   0.000       0.000       0.000       0.000    
   0.000       0.000       0.000       0.000    
   0.000       0.000       0.000       0.000    
   0.000       0.000       0.000       0.000    
   0.000       0.000       0.000       0.000    
   0.000       0.000       0.000       0.000    
   0.000       0.000       0.000       0.000    
   0.000       0.000       0.000       0.000    
   0.000       0.000       0.000       0.000    
   0.000       0.000       0.000       0.000    
   0.000       0.000       0.000       0.000    
   0.000       0.000       0.000       0.000    
   0.000       0.000       0.000       0.000    
   0.000       0.000       0.000       0.000    
   0.000       0.000       0.000       0.000    
   0.000       0.000       0.000       0.000    
   0.000       0.000       0.000       0.000    
   0.000       0.000       0.000       0.000    
   0.000       0.000       0.000       0.000    
   0.000       0.000       0.000       0.000    
   0.000       0.000       0.000       0.000    
   0.000       0.000       0.000       0.000    
   0.000       0.000       0.000       0.000    
   0.000       0.000       0.000       0.000    
   0.000       0.000       0.000       0.000    
   0.000       0.000       0.000       0.000    
   0.000       0.000       0.000       0.000    
   0.000       0.000       0.000       0.000    
   0.000       0.000       0.000       0.000    
   0.000       0.000       0.000       0.000    
   0.000       0.000       0.000       0.000    
   0.000       0.000       0.000       0.000    
   0.000       0.000       0.000       0.000    
   0.000       0.000       0.000       0.000    
   0.000       0.000       0.000       0.000    
   0.000       0.000       0.000       0.000    
   0.000       0.000       0.000       0.000    
   0.000       0.000       0.000       0.000    

 Bulk L diffusion coef. *N (1/m/s)                               
   0.000       0.000       0.000       0.000    
   0.000       0.000       0.000       0.000    
   0.000       0.000       0.000       0.000    
   0.000       0.000       0.000       0.000    
   0.000       0.000       0.000       0.000    
   0.000       0.000       0.000       0.000    
   0.000       0.000       0.000       0.000    
   0.000       0.000       0.000       0.000    
   0.000       0.000       0.000       0.000    
   0.000       0.000       0.000       0.000    
   0.000       0.000       0.000       0.000    
   0.000       0.000       0.000       0.000    
   0.000       0.000       0.000       0.000    
   0.000       0.000       0.000       0.000    
   0.000       0.000       0.000       0.000    
   0.000       0.000       0.000       0.000    
   0.000       0.000       0.000       0.000    
   0.000       0.000       0.000       0.000    
   0.000       0.000       0.000       0.000    
   0.000       0.000       0.000       0.000    
   0.000       0.000       0.000       0.000    
   0.000       0.000       0.000       0.000    
   0.000       0.000       0.000       0.000    
   0.000       0.000       0.000       0.000    
   0.000       0.000       0.000       0.000    
   0.000       0.000       0.000       0.000    
   0.000       0.000       0.000       0.000    
   0.000       0.000       0.000       0.000    
   0.000       0.000       0.000       0.000    
   0.000       0.000       0.000       0.000    
   0.000       0.000       0.000       0.000    
   0.000       0.000       0.000       0.000    
   0.000       0.000       0.000       0.000    
   0.000       0.000       0.000       0.000    
   0.000       0.000       0.000       0.000    
   0.000       0.000       0.000       0.000    
   0.000       0.000       0.000       0.000    
   0.000       0.000       0.000       0.000    
   0.000       0.000       0.000       0.000    
   0.000       0.000       0.000       0.000    
   0.000       0.000       0.000       0.000    
   0.000       0.000       0.000       0.000    
   0.000       0.000       0.000       0.000    
   0.000       0.000       0.000       0.000    
   0.000       0.000       0.000       0.000    
   0.000       0.000       0.000       0.000    
   0.000       0.000       0.000       0.000    
   0.000       0.000       0.000       0.000    
   0.000       0.000       0.000       0.000    
   0.000       0.000       0.000       0.000    
   0.000       0.000       0.000       0.000    
   0.000       0.000       0.000       0.000    
   0.000       0.000       0.000       0.000    
   0.000       0.000       0.000       0.000    
   0.000       0.000       0.000       0.000    
   0.000       0.000       0.000       0.000    
   0.000       0.000       0.000       0.000    
   0.000       0.000       0.000       0.000    
   0.000       0.000       0.000       0.000    
   0.000       0.000       0.000       0.000    

 Energy mobility *N (1/m/V/s)                                    
  0.3409E+26  0.3635E+26  0.3407E+26  0.3170E+26
  0.1298E+25  0.1807E+25  0.2411E+25  0.3501E+25
  0.9868E+24  0.1640E+25  0.2283E+25  0.3732E+25
  0.8763E+24  0.1598E+25  0.2265E+25  0.3902E+25
  0.8280E+24  0.1568E+25  0.2256E+25  0.4061E+25
  0.7994E+24  0.1543E+25  0.2248E+25  0.4217E+25
  0.7868E+24  0.1520E+25  0.2240E+25  0.4370E+25
  0.7877E+24  0.1499E+25  0.2233E+25  0.4524E+25
  0.8003E+24  0.1480E+25  0.2225E+25  0.4675E+25
  0.8252E+24  0.1461E+25  0.2217E+25  0.4825E+25
  0.8650E+24  0.1444E+25  0.2209E+25  0.4968E+25
  0.9247E+24  0.1429E+25  0.2202E+25  0.5110E+25
  0.1005E+25  0.1414E+25  0.2194E+25  0.5246E+25
  0.1097E+25  0.1400E+25  0.2187E+25  0.5374E+25
  0.1182E+25  0.1388E+25  0.2180E+25  0.5496E+25
  0.1239E+25  0.1376E+25  0.2173E+25  0.5613E+25
  0.1260E+25  0.1364E+25  0.2166E+25  0.5723E+25
  0.1247E+25  0.1354E+25  0.2160E+25  0.5823E+25
  0.1210E+25  0.1344E+25  0.2154E+25  0.5913E+25
  0.1157E+25  0.1335E+25  0.2148E+25  0.6000E+25
  0.1095E+25  0.1327E+25  0.2143E+25  0.6078E+25
  0.1031E+25  0.1318E+25  0.2137E+25  0.6147E+25
  0.9678E+24  0.1311E+25  0.2132E+25  0.6216E+25
  0.9065E+24  0.1303E+25  0.2127E+25  0.6268E+25
  0.8485E+24  0.1297E+25  0.2122E+25  0.6319E+25
  0.7943E+24  0.1290E+25  0.2117E+25  0.6365E+25
  0.7439E+24  0.1284E+25  0.2112E+25  0.6403E+25
  0.6974E+24  0.1278E+25  0.2108E+25  0.6437E+25
  0.6545E+24  0.1272E+25  0.2103E+25  0.6461E+25
  0.6150E+24  0.1267E+25  0.2099E+25  0.6489E+25
  0.5787E+24  0.1262E+25  0.2095E+25  0.6506E+25
  0.5452E+24  0.1257E+25  0.2090E+25  0.6527E+25
  0.5143E+24  0.1252E+25  0.2086E+25  0.6533E+25
  0.4858E+24  0.1247E+25  0.2082E+25  0.6545E+25
  0.4595E+24  0.1243E+25  0.2078E+25  0.6548E+25
  0.4352E+24  0.1239E+25  0.2074E+25  0.6553E+25
  0.4127E+24  0.1235E+25  0.2070E+25  0.6550E+25
  0.3919E+24  0.1231E+25  0.2066E+25  0.6552E+25
  0.3725E+24  0.1227E+25  0.2062E+25  0.6548E+25
  0.3545E+24  0.1223E+25  0.2058E+25  0.6543E+25
  0.3377E+24  0.1220E+25  0.2054E+25  0.6535E+25
  0.3221E+24  0.1216E+25  0.2050E+25  0.6528E+25
  0.3075E+24  0.1213E+25  0.2046E+25  0.6519E+25
  0.2938E+24  0.1210E+25  0.2043E+25  0.6506E+25
  0.2811E+24  0.1206E+25  0.2039E+25  0.6495E+25
  0.2691E+24  0.1203E+25  0.2035E+25  0.6484E+25
  0.2579E+24  0.1200E+25  0.2032E+25  0.6471E+25
  0.2473E+24  0.1197E+25  0.2028E+25  0.6457E+25
  0.2374E+24  0.1195E+25  0.2025E+25  0.6441E+25
  0.2280E+24  0.1192E+25  0.2021E+25  0.6426E+25
  0.2192E+24  0.1189E+25  0.2017E+25  0.6413E+25
  0.2109E+24  0.1186E+25  0.2014E+25  0.6397E+25
  0.2030E+24  0.1184E+25  0.2010E+25  0.6380E+25
  0.1956E+24  0.1181E+25  0.2007E+25  0.6365E+25
  0.1886E+24  0.1179E+25  0.2003E+25  0.6350E+25
  0.1819E+24  0.1177E+25  0.2000E+25  0.6331E+25
  0.1756E+24  0.1174E+25  0.1997E+25  0.6314E+25
  0.1696E+24  0.1172E+25  0.1994E+25  0.6298E+25
  0.1639E+24  0.1170E+25  0.1990E+25  0.6285E+25
  0.1585E+24  0.1168E+25  0.1987E+25  0.6268E+25

 Energy diffusion coef. *N (1/m/s)                               
  0.1179E+25  0.1028E+25  0.9200E+24  0.8407E+24
  0.6354E+25  0.6658E+25  0.8053E+25  0.1110E+26
  0.1057E+26  0.7909E+25  0.1014E+26  0.1526E+26
  0.1611E+26  0.8513E+25  0.1108E+26  0.1772E+26
  0.2380E+26  0.9039E+25  0.1190E+26  0.2016E+26
  0.3329E+26  0.9527E+25  0.1267E+26  0.2275E+26
  0.4556E+26  0.9996E+25  0.1343E+26  0.2554E+26
  0.6224E+26  0.1045E+26  0.1416E+26  0.2856E+26
  0.8568E+26  0.1089E+26  0.1489E+26  0.3182E+26
  0.1207E+27  0.1132E+26  0.1561E+26  0.3533E+26
  0.1773E+27  0.1175E+26  0.1633E+26  0.3905E+26
  0.2755E+27  0.1217E+26  0.1705E+26  0.4304E+26
  0.4455E+27  0.1259E+26  0.1777E+26  0.4724E+26
  0.7165E+27  0.1301E+26  0.1848E+26  0.5164E+26
  0.1092E+28  0.1343E+26  0.1920E+26  0.5624E+26
  0.1538E+28  0.1385E+26  0.1992E+26  0.6105E+26
  0.2003E+28  0.1427E+26  0.2065E+26  0.6602E+26
  0.2444E+28  0.1469E+26  0.2137E+26  0.7110E+26
  0.2838E+28  0.1512E+26  0.2211E+26  0.7627E+26
  0.3178E+28  0.1555E+26  0.2284E+26  0.8162E+26
  0.3467E+28  0.1599E+26  0.2359E+26  0.8702E+26
  0.3710E+28  0.1643E+26  0.2434E+26  0.9247E+26
  0.3915E+28  0.1687E+26  0.2510E+26  0.9812E+26
  0.4089E+28  0.1732E+26  0.2586E+26  0.1036E+27
  0.4237E+28  0.1778E+26  0.2663E+26  0.1092E+27
  0.4364E+28  0.1823E+26  0.2741E+26  0.1149E+27
  0.4473E+28  0.1870E+26  0.2818E+26  0.1206E+27
  0.4567E+28  0.1917E+26  0.2898E+26  0.1262E+27
  0.4649E+28  0.1964E+26  0.2977E+26  0.1318E+27
  0.4722E+28  0.2012E+26  0.3057E+26  0.1376E+27
  0.4786E+28  0.2061E+26  0.3137E+26  0.1431E+27
  0.4842E+28  0.2109E+26  0.3219E+26  0.1490E+27
  0.4893E+28  0.2159E+26  0.3301E+26  0.1544E+27
  0.4938E+28  0.2209E+26  0.3384E+26  0.1601E+27
  0.4978E+28  0.2260E+26  0.3467E+26  0.1656E+27
  0.5015E+28  0.2311E+26  0.3551E+26  0.1712E+27
  0.5048E+28  0.2362E+26  0.3636E+26  0.1767E+27
  0.5078E+28  0.2415E+26  0.3721E+26  0.1823E+27
  0.5106E+28  0.2467E+26  0.3806E+26  0.1879E+27
  0.5131E+28  0.2521E+26  0.3893E+26  0.1934E+27
  0.5154E+28  0.2575E+26  0.3981E+26  0.1989E+27
  0.5175E+28  0.2629E+26  0.4068E+26  0.2044E+27
  0.5195E+28  0.2684E+26  0.4157E+26  0.2100E+27
  0.5213E+28  0.2740E+26  0.4246E+26  0.2154E+27
  0.5229E+28  0.2795E+26  0.4336E+26  0.2210E+27
  0.5245E+28  0.2853E+26  0.4425E+26  0.2265E+27
  0.5259E+28  0.2910E+26  0.4518E+26  0.2320E+27
  0.5272E+28  0.2967E+26  0.4608E+26  0.2375E+27
  0.5285E+28  0.3027E+26  0.4703E+26  0.2430E+27
  0.5297E+28  0.3086E+26  0.4794E+26  0.2486E+27
  0.5308E+28  0.3145E+26  0.4888E+26  0.2543E+27
  0.5318E+28  0.3206E+26  0.4983E+26  0.2598E+27
  0.5327E+28  0.3266E+26  0.5078E+26  0.2653E+27
  0.5336E+28  0.3329E+26  0.5174E+26  0.2710E+27
  0.5345E+28  0.3391E+26  0.5270E+26  0.2768E+27
  0.5353E+28  0.3453E+26  0.5367E+26  0.2823E+27
  0.5360E+28  0.3518E+26  0.5466E+26  0.2880E+27
  0.5368E+28  0.3581E+26  0.5566E+26  0.2937E+27
  0.5374E+28  0.3648E+26  0.5664E+26  0.2997E+27
  0.5381E+28  0.3715E+26  0.5766E+26  0.3054E+27

 Total collision freq. /N (m3/s)                                 
  0.5202E-14  0.5023E-14  0.5540E-14  0.6170E-14
  0.1717E-12  0.1293E-12  0.1006E-12  0.7415E-13
  0.2302E-12  0.1409E-12  0.1079E-12  0.7705E-13
  0.2710E-12  0.1452E-12  0.1100E-12  0.7746E-13
  0.2995E-12  0.1485E-12  0.1116E-12  0.7760E-13
  0.3197E-12  0.1513E-12  0.1128E-12  0.7759E-13
  0.3345E-12  0.1538E-12  0.1139E-12  0.7747E-13
  0.3452E-12  0.1562E-12  0.1149E-12  0.7725E-13
  0.3524E-12  0.1584E-12  0.1158E-12  0.7695E-13
  0.3565E-12  0.1605E-12  0.1167E-12  0.7658E-13
  0.3578E-12  0.1625E-12  0.1174E-12  0.7616E-13
  0.3563E-12  0.1644E-12  0.1182E-12  0.7568E-13
  0.3521E-12  0.1663E-12  0.1188E-12  0.7517E-13
  0.3451E-12  0.1680E-12  0.1195E-12  0.7462E-13
  0.3357E-12  0.1697E-12  0.1201E-12  0.7405E-13
  0.3243E-12  0.1714E-12  0.1206E-12  0.7346E-13
  0.3116E-12  0.1729E-12  0.1212E-12  0.7284E-13
  0.2985E-12  0.1745E-12  0.1217E-12  0.7222E-13
  0.2858E-12  0.1759E-12  0.1222E-12  0.7159E-13
  0.2739E-12  0.1774E-12  0.1227E-12  0.7095E-13
  0.2632E-12  0.1788E-12  0.1231E-12  0.7031E-13
  0.2537E-12  0.1801E-12  0.1235E-12  0.6967E-13
  0.2454E-12  0.1814E-12  0.1239E-12  0.6902E-13
  0.2383E-12  0.1827E-12  0.1243E-12  0.6840E-13
  0.2322E-12  0.1839E-12  0.1247E-12  0.6776E-13
  0.2269E-12  0.1851E-12  0.1251E-12  0.6714E-13
  0.2223E-12  0.1863E-12  0.1254E-12  0.6652E-13
  0.2183E-12  0.1875E-12  0.1258E-12  0.6591E-13
  0.2149E-12  0.1886E-12  0.1261E-12  0.6533E-13
  0.2119E-12  0.1897E-12  0.1264E-12  0.6474E-13
  0.2093E-12  0.1907E-12  0.1268E-12  0.6416E-13
  0.2070E-12  0.1918E-12  0.1271E-12  0.6359E-13
  0.2049E-12  0.1928E-12  0.1274E-12  0.6305E-13
  0.2031E-12  0.1938E-12  0.1276E-12  0.6250E-13
  0.2015E-12  0.1947E-12  0.1279E-12  0.6197E-13
  0.2000E-12  0.1957E-12  0.1282E-12  0.6145E-13
  0.1987E-12  0.1966E-12  0.1285E-12  0.6095E-13
  0.1975E-12  0.1975E-12  0.1287E-12  0.6045E-13
  0.1964E-12  0.1984E-12  0.1290E-12  0.5997E-13
  0.1955E-12  0.1993E-12  0.1292E-12  0.5950E-13
  0.1946E-12  0.2001E-12  0.1294E-12  0.5904E-13
  0.1938E-12  0.2010E-12  0.1297E-12  0.5858E-13
  0.1930E-12  0.2018E-12  0.1299E-12  0.5815E-13
  0.1923E-12  0.2026E-12  0.1301E-12  0.5773E-13
  0.1917E-12  0.2033E-12  0.1303E-12  0.5731E-13
  0.1911E-12  0.2041E-12  0.1306E-12  0.5689E-13
  0.1906E-12  0.2049E-12  0.1308E-12  0.5649E-13
  0.1901E-12  0.2056E-12  0.1310E-12  0.5611E-13
  0.1896E-12  0.2063E-12  0.1312E-12  0.5574E-13
  0.1892E-12  0.2071E-12  0.1314E-12  0.5537E-13
  0.1888E-12  0.2078E-12  0.1316E-12  0.5501E-13
  0.1884E-12  0.2084E-12  0.1317E-12  0.5465E-13
  0.1881E-12  0.2091E-12  0.1319E-12  0.5429E-13
  0.1877E-12  0.2098E-12  0.1321E-12  0.5396E-13
  0.1874E-12  0.2104E-12  0.1323E-12  0.5365E-13
  0.1871E-12  0.2111E-12  0.1325E-12  0.5334E-13
  0.1869E-12  0.2117E-12  0.1326E-12  0.5302E-13
  0.1866E-12  0.2123E-12  0.1328E-12  0.5272E-13
  0.1864E-12  0.2129E-12  0.1330E-12  0.5242E-13
  0.1861E-12  0.2135E-12  0.1331E-12  0.5212E-13

 Momentum frequency /N (m3/s)                                    
  0.6715E-14  0.6027E-14  0.6613E-14  0.7352E-14
  0.2085E-12  0.1507E-12  0.1151E-12  0.8294E-13
  0.2768E-12  0.1650E-12  0.1220E-12  0.8039E-13
  0.3171E-12  0.1695E-12  0.1236E-12  0.7851E-13
  0.3398E-12  0.1728E-12  0.1246E-12  0.7684E-13
  0.3547E-12  0.1758E-12  0.1255E-12  0.7520E-13
  0.3643E-12  0.1785E-12  0.1262E-12  0.7359E-13
  0.3690E-12  0.1811E-12  0.1270E-12  0.7199E-13
  0.3694E-12  0.1836E-12  0.1277E-12  0.7044E-13
  0.3660E-12  0.1860E-12  0.1283E-12  0.6892E-13
  0.3591E-12  0.1882E-12  0.1289E-12  0.6749E-13
  0.3485E-12  0.1904E-12  0.1294E-12  0.6609E-13
  0.3344E-12  0.1924E-12  0.1300E-12  0.6478E-13
  0.3177E-12  0.1944E-12  0.1305E-12  0.6354E-13
  0.2999E-12  0.1963E-12  0.1310E-12  0.6238E-13
  0.2830E-12  0.1981E-12  0.1315E-12  0.6127E-13
  0.2690E-12  0.1998E-12  0.1319E-12  0.6022E-13
  0.2589E-12  0.2015E-12  0.1323E-12  0.5927E-13
  0.2531E-12  0.2030E-12  0.1328E-12  0.5841E-13
  0.2512E-12  0.2045E-12  0.1332E-12  0.5758E-13
  0.2529E-12  0.2060E-12  0.1336E-12  0.5681E-13
  0.2575E-12  0.2074E-12  0.1339E-12  0.5614E-13
  0.2647E-12  0.2088E-12  0.1343E-12  0.5542E-13
  0.2740E-12  0.2101E-12  0.1347E-12  0.5489E-13
  0.2851E-12  0.2114E-12  0.1350E-12  0.5432E-13
  0.2979E-12  0.2126E-12  0.1353E-12  0.5382E-13
  0.3120E-12  0.2138E-12  0.1357E-12  0.5337E-13
  0.3274E-12  0.2149E-12  0.1360E-12  0.5292E-13
  0.3440E-12  0.2161E-12  0.1363E-12  0.5260E-13
  0.3617E-12  0.2171E-12  0.1366E-12  0.5222E-13
  0.3804E-12  0.2182E-12  0.1369E-12  0.5193E-13
  0.4001E-12  0.2192E-12  0.1372E-12  0.5160E-13
  0.4207E-12  0.2202E-12  0.1375E-12  0.5142E-13
  0.4422E-12  0.2212E-12  0.1378E-12  0.5115E-13
  0.4645E-12  0.2221E-12  0.1381E-12  0.5096E-13
  0.4876E-12  0.2230E-12  0.1384E-12  0.5075E-13
  0.5116E-12  0.2239E-12  0.1387E-12  0.5064E-13
  0.5364E-12  0.2247E-12  0.1389E-12  0.5046E-13
  0.5620E-12  0.2256E-12  0.1392E-12  0.5035E-13
  0.5883E-12  0.2264E-12  0.1395E-12  0.5025E-13
  0.6155E-12  0.2272E-12  0.1398E-12  0.5016E-13
  0.6433E-12  0.2280E-12  0.1400E-12  0.5006E-13
  0.6720E-12  0.2288E-12  0.1403E-12  0.5001E-13
  0.7014E-12  0.2295E-12  0.1405E-12  0.5000E-13
  0.7315E-12  0.2303E-12  0.1408E-12  0.4994E-13
  0.7624E-12  0.2310E-12  0.1411E-12  0.4988E-13
  0.7940E-12  0.2317E-12  0.1413E-12  0.4984E-13
  0.8263E-12  0.2324E-12  0.1416E-12  0.4984E-13
  0.8594E-12  0.2330E-12  0.1418E-12  0.4989E-13
  0.8932E-12  0.2337E-12  0.1421E-12  0.4990E-13
  0.9277E-12  0.2343E-12  0.1423E-12  0.4987E-13
  0.9630E-12  0.2350E-12  0.1426E-12  0.4989E-13
  0.9989E-12  0.2356E-12  0.1428E-12  0.4988E-13
  0.1036E-11  0.2362E-12  0.1430E-12  0.4991E-13
  0.1073E-11  0.2368E-12  0.1433E-12  0.4998E-13
  0.1111E-11  0.2374E-12  0.1435E-12  0.5004E-13
  0.1150E-11  0.2379E-12  0.1437E-12  0.5009E-13
  0.1190E-11  0.2385E-12  0.1440E-12  0.5014E-13
  0.1230E-11  0.2390E-12  0.1442E-12  0.5015E-13
  0.1271E-11  0.2395E-12  0.1444E-12  0.5020E-13

 e-i momentum frequency /N (m3/s)                                
   0.000       0.000       0.000       0.000    
   0.000       0.000       0.000       0.000    
   0.000       0.000       0.000       0.000    
   0.000       0.000       0.000       0.000    
   0.000       0.000       0.000       0.000    
   0.000       0.000       0.000       0.000    
   0.000       0.000       0.000       0.000    
   0.000       0.000       0.000       0.000    
   0.000       0.000       0.000       0.000    
   0.000       0.000       0.000       0.000    
   0.000       0.000       0.000       0.000    
   0.000       0.000       0.000       0.000    
   0.000       0.000       0.000       0.000    
   0.000       0.000       0.000       0.000    
   0.000       0.000       0.000       0.000    
   0.000       0.000       0.000       0.000    
   0.000       0.000       0.000       0.000    
   0.000       0.000       0.000       0.000    
   0.000       0.000       0.000       0.000    
   0.000       0.000       0.000       0.000    
   0.000       0.000       0.000       0.000    
   0.000       0.000       0.000       0.000    
   0.000       0.000       0.000       0.000    
   0.000       0.000       0.000       0.000    
   0.000       0.000       0.000       0.000    
   0.000       0.000       0.000       0.000    
   0.000       0.000       0.000       0.000    
   0.000       0.000       0.000       0.000    
   0.000       0.000       0.000       0.000    
   0.000       0.000       0.000       0.000    
   0.000       0.000       0.000       0.000    
   0.000       0.000       0.000       0.000    
   0.000       0.000       0.000       0.000    
   0.000       0.000       0.000       0.000    
   0.000       0.000       0.000       0.000    
   0.000       0.000       0.000       0.000    
   0.000       0.000       0.000       0.000    
   0.000       0.000       0.000       0.000    
   0.000       0.000       0.000       0.000    
   0.000       0.000       0.000       0.000    
   0.000       0.000       0.000       0.000    
   0.000       0.000       0.000       0.000    
   0.000       0.000       0.000       0.000    
   0.000       0.000       0.000       0.000    
   0.000       0.000       0.000       0.000    
   0.000       0.000       0.000       0.000    
   0.000       0.000       0.000       0.000    
   0.000       0.000       0.000       0.000    
   0.000       0.000       0.000       0.000    
   0.000       0.000       0.000       0.000    
   0.000       0.000       0.000       0.000    
   0.000       0.000       0.000       0.000    
   0.000       0.000       0.000       0.000    
   0.000       0.000       0.000       0.000    
   0.000       0.000       0.000       0.000    
   0.000       0.000       0.000       0.000    
   0.000       0.000       0.000       0.000    
   0.000       0.000       0.000       0.000    
   0.000       0.000       0.000       0.000    
   0.000       0.000       0.000       0.000    

 Total ionization freq. /N (m3/s)                                
   0.000       0.000       0.000       0.000    
   0.000      0.2298E-20  0.2076E-20  0.1223E-19
   0.000      0.6067E-18  0.6463E-18  0.1722E-17
   0.000      0.3740E-17  0.4348E-17  0.9872E-17
   0.000      0.1034E-16  0.1272E-16  0.2717E-16
   0.000      0.2047E-16  0.2623E-16  0.5469E-16
   0.000      0.3397E-16  0.4488E-16  0.9287E-16
   0.000      0.5058E-16  0.6852E-16  0.1420E-15
   0.000      0.7007E-16  0.9691E-16  0.2023E-15
   0.000      0.9224E-16  0.1298E-15  0.2739E-15
   0.000      0.1169E-15  0.1671E-15  0.3566E-15
   0.000      0.1438E-15  0.2084E-15  0.4508E-15
   0.000      0.1729E-15  0.2536E-15  0.5558E-15
   0.000      0.2039E-15  0.3025E-15  0.6715E-15
   0.000      0.2368E-15  0.3549E-15  0.7976E-15
   0.000      0.2715E-15  0.4106E-15  0.9340E-15
   0.000      0.3078E-15  0.4696E-15  0.1080E-14
   0.000      0.3457E-15  0.5315E-15  0.1235E-14
   0.000      0.3849E-15  0.5963E-15  0.1398E-14
   0.000      0.4256E-15  0.6638E-15  0.1569E-14
   0.000      0.4675E-15  0.7340E-15  0.1748E-14
   0.000      0.5105E-15  0.8065E-15  0.1932E-14
   0.000      0.5548E-15  0.8814E-15  0.2126E-14
   0.000      0.5998E-15  0.9584E-15  0.2320E-14
   0.000      0.6460E-15  0.1037E-14  0.2523E-14
   0.000      0.6930E-15  0.1118E-14  0.2728E-14
   0.000      0.7409E-15  0.1201E-14  0.2938E-14
   0.000      0.7896E-15  0.1286E-14  0.3152E-14
   0.000      0.8389E-15  0.1372E-14  0.3365E-14
   0.000      0.8889E-15  0.1459E-14  0.3585E-14
   0.000      0.9396E-15  0.1548E-14  0.3804E-14
   0.000      0.9907E-15  0.1638E-14  0.4029E-14
   0.000      0.1042E-14  0.1730E-14  0.4247E-14
   0.000      0.1094E-14  0.1822E-14  0.4474E-14
   0.000      0.1147E-14  0.1916E-14  0.4698E-14
   0.000      0.1200E-14  0.2011E-14  0.4924E-14
   0.000      0.1253E-14  0.2106E-14  0.5145E-14
   0.000      0.1307E-14  0.2203E-14  0.5374E-14
   0.000      0.1361E-14  0.2300E-14  0.5597E-14
   0.000      0.1415E-14  0.2398E-14  0.5820E-14
   0.000      0.1470E-14  0.2496E-14  0.6044E-14
   0.000      0.1524E-14  0.2595E-14  0.6269E-14
   0.000      0.1579E-14  0.2694E-14  0.6489E-14
   0.000      0.1634E-14  0.2794E-14  0.6706E-14
   0.000      0.1689E-14  0.2894E-14  0.6926E-14
   0.000      0.1744E-14  0.2994E-14  0.7148E-14
   0.000      0.1799E-14  0.3096E-14  0.7367E-14
   0.000      0.1854E-14  0.3197E-14  0.7580E-14
   0.000      0.1909E-14  0.3299E-14  0.7788E-14
   0.000      0.1965E-14  0.3399E-14  0.8001E-14
   0.000      0.2019E-14  0.3501E-14  0.8215E-14
   0.000      0.2075E-14  0.3603E-14  0.8424E-14
   0.000      0.2130E-14  0.3705E-14  0.8636E-14
   0.000      0.2185E-14  0.3806E-14  0.8841E-14
   0.000      0.2240E-14  0.3907E-14  0.9041E-14
   0.000      0.2294E-14  0.4009E-14  0.9241E-14
   0.000      0.2349E-14  0.4111E-14  0.9441E-14
   0.000      0.2403E-14  0.4213E-14  0.9638E-14
   0.000      0.2458E-14  0.4313E-14  0.9841E-14
   0.000      0.2513E-14  0.4415E-14  0.1004E-13

 Total attachment freq. /N (m3/s)                                
   0.000       0.000       0.000       0.000    
   0.000       0.000       0.000       0.000    
   0.000       0.000       0.000       0.000    
   0.000       0.000       0.000       0.000    
   0.000       0.000       0.000       0.000    
   0.000       0.000       0.000       0.000    
   0.000       0.000       0.000       0.000    
   0.000       0.000       0.000       0.000    
   0.000       0.000       0.000       0.000    
   0.000       0.000       0.000       0.000    
   0.000       0.000       0.000       0.000    
   0.000       0.000       0.000       0.000    
   0.000       0.000       0.000       0.000    
   0.000       0.000       0.000       0.000    
   0.000       0.000       0.000       0.000    
   0.000       0.000       0.000       0.000    
   0.000       0.000       0.000       0.000    
   0.000       0.000       0.000       0.000    
   0.000       0.000       0.000       0.000    
   0.000       0.000       0.000       0.000    
   0.000       0.000       0.000       0.000    
   0.000       0.000       0.000       0.000    
   0.000       0.000       0.000       0.000    
   0.000       0.000       0.000       0.000    
   0.000       0.000       0.000       0.000    
   0.000       0.000       0.000       0.000    
   0.000       0.000       0.000       0.000    
   0.000       0.000       0.000       0.000    
   0.000       0.000       0.000       0.000    
   0.000       0.000       0.000       0.000    
   0.000       0.000       0.000       0.000    
   0.000       0.000       0.000       0.000    
   0.000       0.000       0.000       0.000    
   0.000       0.000       0.000       0.000    
   0.000       0.000       0.000       0.000    
   0.000       0.000       0.000       0.000    
   0.000       0.000       0.000       0.000    
   0.000       0.000       0.000       0.000    
   0.000       0.000       0.000       0.000    
   0.000       0.000       0.000       0.000    
   0.000       0.000       0.000       0.000    
   0.000       0.000       0.000       0.000    
   0.000       0.000       0.000       0.000    
   0.000       0.000       0.000       0.000    
   0.000       0.000       0.000       0.000    
   0.000       0.000       0.000       0.000    
   0.000       0.000       0.000       0.000    
   0.000       0.000       0.000       0.000    
   0.000       0.000       0.000       0.000    
   0.000       0.000       0.000       0.000    
   0.000       0.000       0.000       0.000    
   0.000       0.000       0.000       0.000    
   0.000       0.000       0.000       0.000    
   0.000       0.000       0.000       0.000    
   0.000       0.000       0.000       0.000    
   0.000       0.000       0.000       0.000    
   0.000       0.000       0.000       0.000    
   0.000       0.000       0.000       0.000    
   0.000       0.000       0.000       0.000    
   0.000       0.000       0.000       0.000    

 Townsend ioniz. coef. alpha/N (m2)                              
   0.000       0.000       0.000       0.000    
   0.000      0.2320E-24  0.1601E-24  0.6799E-24
   0.000      0.3356E-22  0.2643E-22  0.4640E-22
   0.000      0.1417E-21  0.1201E-21  0.1733E-21
   0.000      0.2995E-21  0.2657E-21  0.3501E-21
   0.000      0.4827E-21  0.4415E-21  0.5517E-21
   0.000      0.6779E-21  0.6335E-21  0.7641E-21
   0.000      0.8780E-21  0.8337E-21  0.9800E-21
   0.000      0.1079E-20  0.1037E-20  0.1195E-20
   0.000      0.1279E-20  0.1242E-20  0.1407E-20
   0.000      0.1476E-20  0.1444E-20  0.1615E-20
   0.000      0.1670E-20  0.1645E-20  0.1817E-20
   0.000      0.1860E-20  0.1843E-20  0.2013E-20
   0.000      0.2046E-20  0.2037E-20  0.2202E-20
   0.000      0.2227E-20  0.2228E-20  0.2384E-20
   0.000      0.2405E-20  0.2415E-20  0.2559E-20
   0.000      0.2579E-20  0.2598E-20  0.2728E-20
   0.000      0.2748E-20  0.2776E-20  0.2889E-20
   0.000      0.2913E-20  0.2951E-20  0.3043E-20
   0.000      0.3074E-20  0.3122E-20  0.3190E-20
   0.000      0.3230E-20  0.3288E-20  0.3331E-20
   0.000      0.3383E-20  0.3451E-20  0.3465E-20
   0.000      0.3532E-20  0.3609E-20  0.3592E-20
   0.000      0.3676E-20  0.3764E-20  0.3715E-20
   0.000      0.3817E-20  0.3915E-20  0.3830E-20
   0.000      0.3954E-20  0.4062E-20  0.3941E-20
   0.000      0.4087E-20  0.4205E-20  0.4046E-20
   0.000      0.4217E-20  0.4345E-20  0.4145E-20
   0.000      0.4343E-20  0.4480E-20  0.4241E-20
   0.000      0.4465E-20  0.4613E-20  0.4331E-20
   0.000      0.4584E-20  0.4741E-20  0.4418E-20
   0.000      0.4700E-20  0.4866E-20  0.4499E-20
   0.000      0.4812E-20  0.4989E-20  0.4578E-20
   0.000      0.4922E-20  0.5107E-20  0.4652E-20
   0.000      0.5028E-20  0.5222E-20  0.4724E-20
   0.000      0.5130E-20  0.5335E-20  0.4790E-20
   0.000      0.5230E-20  0.5444E-20  0.4856E-20
   0.000      0.5327E-20  0.5550E-20  0.4917E-20
   0.000      0.5422E-20  0.5653E-20  0.4976E-20
   0.000      0.5513E-20  0.5754E-20  0.5031E-20
   0.000      0.5601E-20  0.5851E-20  0.5084E-20
   0.000      0.5687E-20  0.5946E-20  0.5135E-20
   0.000      0.5771E-20  0.6038E-20  0.5184E-20
   0.000      0.5851E-20  0.6127E-20  0.5231E-20
   0.000      0.5930E-20  0.6214E-20  0.5274E-20
   0.000      0.6005E-20  0.6299E-20  0.5315E-20
   0.000      0.6079E-20  0.6381E-20  0.5355E-20
   0.000      0.6150E-20  0.6461E-20  0.5393E-20
   0.000      0.6219E-20  0.6537E-20  0.5431E-20
   0.000      0.6285E-20  0.6613E-20  0.5466E-20
   0.000      0.6350E-20  0.6686E-20  0.5498E-20
   0.000      0.6413E-20  0.6756E-20  0.5529E-20
   0.000      0.6473E-20  0.6825E-20  0.5558E-20
   0.000      0.6532E-20  0.6891E-20  0.5586E-20
   0.000      0.6588E-20  0.6956E-20  0.5614E-20
   0.000      0.6643E-20  0.7019E-20  0.5641E-20
   0.000      0.6696E-20  0.7079E-20  0.5665E-20
   0.000      0.6747E-20  0.7138E-20  0.5688E-20
   0.000      0.6796E-20  0.7195E-20  0.5708E-20
   0.000      0.6843E-20  0.7250E-20  0.5729E-20

 Townsend attach. coef. eta/N (m2)                               
   0.000       0.000       0.000       0.000    
   0.000       0.000       0.000       0.000    
   0.000       0.000       0.000       0.000    
   0.000       0.000       0.000       0.000    
   0.000       0.000       0.000       0.000    
   0.000       0.000       0.000       0.000    
   0.000       0.000       0.000       0.000    
   0.000       0.000       0.000       0.000    
   0.000       0.000       0.000       0.000    
   0.000       0.000       0.000       0.000    
   0.000       0.000       0.000       0.000    
   0.000       0.000       0.000       0.000    
   0.000       0.000       0.000       0.000    
   0.000       0.000       0.000       0.000    
   0.000       0.000       0.000       0.000    
   0.000       0.000       0.000       0.000    
   0.000       0.000       0.000       0.000    
   0.000       0.000       0.000       0.000    
   0.000       0.000       0.000       0.000    
   0.000       0.000       0.000       0.000    
   0.000       0.000       0.000       0.000    
   0.000       0.000       0.000       0.000    
   0.000       0.000       0.000       0.000    
   0.000       0.000       0.000       0.000    
   0.000       0.000       0.000       0.000    
   0.000       0.000       0.000       0.000    
   0.000       0.000       0.000       0.000    
   0.000       0.000       0.000       0.000    
   0.000       0.000       0.000       0.000    
   0.000       0.000       0.000       0.000    
   0.000       0.000       0.000       0.000    
   0.000       0.000       0.000       0.000    
   0.000       0.000       0.000       0.000    
   0.000       0.000       0.000       0.000    
   0.000       0.000       0.000       0.000    
   0.000       0.000       0.000       0.000    
   0.000       0.000       0.000       0.000    
   0.000       0.000       0.000       0.000    
   0.000       0.000       0.000       0.000    
   0.000       0.000       0.000       0.000    
   0.000       0.000       0.000       0.000    
   0.000       0.000       0.000       0.000    
   0.000       0.000       0.000       0.000    
   0.000       0.000       0.000       0.000    
   0.000       0.000       0.000       0.000    
   0.000       0.000       0.000       0.000    
   0.000       0.000       0.000       0.000    
   0.000       0.000       0.000       0.000    
   0.000       0.000       0.000       0.000    
   0.000       0.000       0.000       0.000    
   0.000       0.000       0.000       0.000    
   0.000       0.000       0.000       0.000    
   0.000       0.000       0.000       0.000    
   0.000       0.000       0.000       0.000    
   0.000       0.000       0.000       0.000    
   0.000       0.000       0.000       0.000    
   0.000       0.000       0.000       0.000    
   0.000       0.000       0.000       0.000    
   0.000       0.000       0.000       0.000    
   0.000       0.000       0.000       0.000    

 Power /N (eV m3/s)                                              
  0.2619E-20  0.2918E-20  0.2660E-20  0.2392E-20
  0.6072E-16  0.8403E-16  0.1100E-15  0.1527E-15
  0.1828E-15  0.3065E-15  0.4147E-15  0.6293E-15
  0.3588E-15  0.6714E-15  0.9207E-15  0.1449E-14
  0.5952E-15  0.1171E-14  0.1623E-14  0.2632E-14
  0.8908E-15  0.1797E-14  0.2518E-14  0.4201E-14
  0.1249E-14  0.2548E-14  0.3603E-14  0.6181E-14
  0.1678E-14  0.3418E-14  0.4876E-14  0.8600E-14
  0.2189E-14  0.4403E-14  0.6334E-14  0.1148E-13
  0.2796E-14  0.5503E-14  0.7977E-14  0.1485E-13
  0.3518E-14  0.6713E-14  0.9802E-14  0.1872E-13
  0.4387E-14  0.8029E-14  0.1181E-13  0.2313E-13
  0.5440E-14  0.9454E-14  0.1399E-13  0.2809E-13
  0.6720E-14  0.1098E-13  0.1636E-13  0.3360E-13
  0.8257E-14  0.1262E-13  0.1890E-13  0.3969E-13
  0.1004E-13  0.1435E-13  0.2162E-13  0.4639E-13
  0.1202E-13  0.1619E-13  0.2452E-13  0.5371E-13
  0.1410E-13  0.1812E-13  0.2759E-13  0.6160E-13
  0.1617E-13  0.2016E-13  0.3082E-13  0.7007E-13
  0.1815E-13  0.2230E-13  0.3424E-13  0.7921E-13
  0.1998E-13  0.2453E-13  0.3784E-13  0.8894E-13
  0.2163E-13  0.2686E-13  0.4159E-13  0.9924E-13
  0.2310E-13  0.2929E-13  0.4553E-13  0.1103E-12
  0.2439E-13  0.3180E-13  0.4963E-13  0.1218E-12
  0.2552E-13  0.3442E-13  0.5390E-13  0.1340E-12
  0.2651E-13  0.3713E-13  0.5833E-13  0.1467E-12
  0.2737E-13  0.3994E-13  0.6292E-13  0.1600E-12
  0.2812E-13  0.4285E-13  0.6771E-13  0.1740E-12
  0.2879E-13  0.4584E-13  0.7265E-13  0.1883E-12
  0.2937E-13  0.4892E-13  0.7776E-13  0.2034E-12
  0.2988E-13  0.5211E-13  0.8301E-13  0.2189E-12
  0.3034E-13  0.5537E-13  0.8846E-13  0.2353E-12
  0.3075E-13  0.5874E-13  0.9405E-13  0.2516E-12
  0.3111E-13  0.6219E-13  0.9979E-13  0.2690E-12
  0.3144E-13  0.6574E-13  0.1057E-12  0.2865E-12
  0.3173E-13  0.6939E-13  0.1118E-12  0.3049E-12
  0.3200E-13  0.7311E-13  0.1180E-12  0.3233E-12
  0.3224E-13  0.7695E-13  0.1245E-12  0.3427E-12
  0.3246E-13  0.8084E-13  0.1310E-12  0.3623E-12
  0.3266E-13  0.8485E-13  0.1377E-12  0.3823E-12
  0.3284E-13  0.8894E-13  0.1446E-12  0.4029E-12
  0.3301E-13  0.9312E-13  0.1516E-12  0.4242E-12
  0.3316E-13  0.9738E-13  0.1588E-12  0.4456E-12
  0.3330E-13  0.1018E-12  0.1662E-12  0.4672E-12
  0.3343E-13  0.1062E-12  0.1737E-12  0.4897E-12
  0.3355E-13  0.1108E-12  0.1813E-12  0.5128E-12
  0.3366E-13  0.1154E-12  0.1891E-12  0.5363E-12
  0.3377E-13  0.1200E-12  0.1971E-12  0.5598E-12
  0.3386E-13  0.1249E-12  0.2053E-12  0.5833E-12
  0.3396E-13  0.1298E-12  0.2134E-12  0.6078E-12
  0.3404E-13  0.1348E-12  0.2219E-12  0.6332E-12
  0.3412E-13  0.1398E-12  0.2305E-12  0.6585E-12
  0.3419E-13  0.1450E-12  0.2392E-12  0.6848E-12
  0.3426E-13  0.1502E-12  0.2481E-12  0.7109E-12
  0.3433E-13  0.1556E-12  0.2571E-12  0.7370E-12
  0.3439E-13  0.1610E-12  0.2662E-12  0.7636E-12
  0.3445E-13  0.1665E-12  0.2756E-12  0.7909E-12
  0.3450E-13  0.1721E-12  0.2851E-12  0.8185E-12
  0.3455E-13  0.1778E-12  0.2946E-12  0.8474E-12
  0.3460E-13  0.1836E-12  0.3044E-12  0.8759E-12

 Elastic power loss /N (eV m3/s)                                 
  0.2629E-20  0.2935E-20  0.2677E-20  0.2407E-20
  0.6074E-16  0.7288E-16  0.9527E-16  0.1199E-15
  0.1829E-15  0.1008E-15  0.1317E-15  0.1607E-15
  0.3591E-15  0.1122E-15  0.1442E-15  0.1754E-15
  0.5957E-15  0.1216E-15  0.1538E-15  0.1868E-15
  0.8916E-15  0.1301E-15  0.1623E-15  0.1970E-15
  0.1250E-14  0.1383E-15  0.1703E-15  0.2067E-15
  0.1680E-14  0.1462E-15  0.1778E-15  0.2159E-15
  0.2192E-14  0.1538E-15  0.1850E-15  0.2248E-15
  0.2801E-14  0.1614E-15  0.1920E-15  0.2334E-15
  0.3523E-14  0.1689E-15  0.1988E-15  0.2418E-15
  0.4391E-14  0.1763E-15  0.2055E-15  0.2501E-15
  0.5443E-14  0.1836E-15  0.2120E-15  0.2582E-15
  0.6723E-14  0.1910E-15  0.2185E-15  0.2662E-15
  0.8262E-14  0.1983E-15  0.2248E-15  0.2742E-15
  0.1005E-13  0.2055E-15  0.2311E-15  0.2821E-15
  0.1204E-13  0.2128E-15  0.2373E-15  0.2899E-15
  0.1413E-13  0.2201E-15  0.2434E-15  0.2978E-15
  0.1623E-13  0.2274E-15  0.2495E-15  0.3056E-15
  0.1823E-13  0.2347E-15  0.2555E-15  0.3134E-15
  0.2009E-13  0.2421E-15  0.2616E-15  0.3213E-15
  0.2177E-13  0.2494E-15  0.2676E-15  0.3291E-15
  0.2327E-13  0.2568E-15  0.2736E-15  0.3371E-15
  0.2459E-13  0.2642E-15  0.2795E-15  0.3450E-15
  0.2575E-13  0.2717E-15  0.2855E-15  0.3530E-15
  0.2677E-13  0.2792E-15  0.2915E-15  0.3610E-15
  0.2766E-13  0.2867E-15  0.2975E-15  0.3691E-15
  0.2844E-13  0.2943E-15  0.3035E-15  0.3773E-15
  0.2913E-13  0.3020E-15  0.3095E-15  0.3854E-15
  0.2974E-13  0.3097E-15  0.3155E-15  0.3938E-15
  0.3027E-13  0.3174E-15  0.3215E-15  0.4021E-15
  0.3075E-13  0.3252E-15  0.3276E-15  0.4106E-15
  0.3118E-13  0.3331E-15  0.3337E-15  0.4189E-15
  0.3156E-13  0.3410E-15  0.3398E-15  0.4275E-15
  0.3190E-13  0.3490E-15  0.3460E-15  0.4359E-15
  0.3221E-13  0.3571E-15  0.3521E-15  0.4446E-15
  0.3249E-13  0.3652E-15  0.3583E-15  0.4532E-15
  0.3274E-13  0.3734E-15  0.3646E-15  0.4621E-15
  0.3297E-13  0.3816E-15  0.3709E-15  0.4710E-15
  0.3318E-13  0.3900E-15  0.3772E-15  0.4799E-15
  0.3338E-13  0.3984E-15  0.3836E-15  0.4889E-15
  0.3355E-13  0.4068E-15  0.3900E-15  0.4980E-15
  0.3371E-13  0.4153E-15  0.3965E-15  0.5072E-15
  0.3386E-13  0.4240E-15  0.4030E-15  0.5163E-15
  0.3400E-13  0.4326E-15  0.4095E-15  0.5256E-15
  0.3413E-13  0.4414E-15  0.4161E-15  0.5351E-15
  0.3425E-13  0.4502E-15  0.4228E-15  0.5447E-15
  0.3436E-13  0.4591E-15  0.4295E-15  0.5541E-15
  0.3446E-13  0.4682E-15  0.4362E-15  0.5636E-15
  0.3456E-13  0.4772E-15  0.4430E-15  0.5733E-15
  0.3465E-13  0.4864E-15  0.4498E-15  0.5832E-15
  0.3474E-13  0.4956E-15  0.4568E-15  0.5930E-15
  0.3481E-13  0.5049E-15  0.4637E-15  0.6031E-15
  0.3489E-13  0.5143E-15  0.4707E-15  0.6131E-15
  0.3496E-13  0.5237E-15  0.4778E-15  0.6231E-15
  0.3502E-13  0.5333E-15  0.4849E-15  0.6331E-15
  0.3508E-13  0.5429E-15  0.4921E-15  0.6433E-15
  0.3514E-13  0.5525E-15  0.4993E-15  0.6536E-15
  0.3520E-13  0.5624E-15  0.5065E-15  0.6642E-15
  0.3525E-13  0.5724E-15  0.5139E-15  0.6747E-15

 Inelastic power loss /N (eV m3/s)                               
   0.000       0.000       0.000       0.000    
   0.000      0.1114E-16  0.1470E-16  0.3271E-16
   0.000      0.2009E-15  0.2781E-15  0.4563E-15
   0.000      0.5259E-15  0.7403E-15  0.1195E-14
   0.000      0.9498E-15  0.1355E-14  0.2211E-14
   0.000      0.1457E-14  0.2106E-14  0.3500E-14
   0.000      0.2040E-14  0.2980E-14  0.5061E-14
   0.000      0.2690E-14  0.3971E-14  0.6899E-14
   0.000      0.3401E-14  0.5069E-14  0.9010E-14
   0.000      0.4168E-14  0.6269E-14  0.1140E-13
   0.000      0.4988E-14  0.7563E-14  0.1406E-13
   0.000      0.5854E-14  0.8950E-14  0.1699E-13
   0.000      0.6765E-14  0.1042E-13  0.2018E-13
   0.000      0.7717E-14  0.1197E-13  0.2362E-13
   0.000      0.8707E-14  0.1360E-13  0.2730E-13
   0.000      0.9732E-14  0.1530E-13  0.3122E-13
   0.000      0.1079E-13  0.1706E-13  0.3537E-13
   0.000      0.1188E-13  0.1889E-13  0.3970E-13
   0.000      0.1300E-13  0.2078E-13  0.4421E-13
   0.000      0.1414E-13  0.2273E-13  0.4892E-13
   0.000      0.1531E-13  0.2473E-13  0.5378E-13
   0.000      0.1650E-13  0.2678E-13  0.5876E-13
   0.000      0.1772E-13  0.2887E-13  0.6395E-13
   0.000      0.1894E-13  0.3101E-13  0.6913E-13
   0.000      0.2019E-13  0.3319E-13  0.7451E-13
   0.000      0.2146E-13  0.3541E-13  0.7993E-13
   0.000      0.2274E-13  0.3766E-13  0.8544E-13
   0.000      0.2404E-13  0.3996E-13  0.9105E-13
   0.000      0.2535E-13  0.4227E-13  0.9659E-13
   0.000      0.2667E-13  0.4462E-13  0.1023E-12
   0.000      0.2800E-13  0.4699E-13  0.1080E-12
   0.000      0.2934E-13  0.4939E-13  0.1138E-12
   0.000      0.3069E-13  0.5181E-13  0.1194E-12
   0.000      0.3204E-13  0.5425E-13  0.1252E-12
   0.000      0.3341E-13  0.5672E-13  0.1309E-12
   0.000      0.3478E-13  0.5919E-13  0.1367E-12
   0.000      0.3615E-13  0.6169E-13  0.1424E-12
   0.000      0.3754E-13  0.6420E-13  0.1482E-12
   0.000      0.3892E-13  0.6671E-13  0.1538E-12
   0.000      0.4031E-13  0.6925E-13  0.1595E-12
   0.000      0.4170E-13  0.7179E-13  0.1651E-12
   0.000      0.4309E-13  0.7433E-13  0.1708E-12
   0.000      0.4448E-13  0.7689E-13  0.1764E-12
   0.000      0.4588E-13  0.7946E-13  0.1818E-12
   0.000      0.4727E-13  0.8202E-13  0.1874E-12
   0.000      0.4867E-13  0.8458E-13  0.1930E-12
   0.000      0.5006E-13  0.8717E-13  0.1985E-12
   0.000      0.5145E-13  0.8973E-13  0.2038E-12
   0.000      0.5285E-13  0.9233E-13  0.2090E-12
   0.000      0.5424E-13  0.9488E-13  0.2143E-12
   0.000      0.5562E-13  0.9745E-13  0.2197E-12
   0.000      0.5701E-13  0.1000E-12  0.2249E-12
   0.000      0.5839E-13  0.1026E-12  0.2302E-12
   0.000      0.5977E-13  0.1052E-12  0.2353E-12
   0.000      0.6114E-13  0.1077E-12  0.2403E-12
   0.000      0.6251E-13  0.1103E-12  0.2453E-12
   0.000      0.6388E-13  0.1129E-12  0.2502E-12
   0.000      0.6523E-13  0.1154E-12  0.2552E-12
   0.000      0.6661E-13  0.1179E-12  0.2602E-12
   0.000      0.6797E-13  0.1205E-12  0.2650E-12

 Growth power /N (eV m3/s)                                       
   0.000       0.000       0.000       0.000    
   0.000      0.1389E-19  0.1153E-19  0.6578E-19
   0.000      0.4871E-17  0.4879E-17  0.1238E-16
   0.000      0.3321E-16  0.3617E-16  0.7853E-16
   0.000      0.9918E-16  0.1137E-15  0.2337E-15
   0.000      0.2099E-15  0.2497E-15  0.5042E-15
   0.000      0.3700E-15  0.4522E-15  0.9136E-15
   0.000      0.5823E-15  0.7276E-15  0.1486E-14
   0.000      0.8493E-15  0.1081E-14  0.2244E-14
   0.000      0.1174E-14  0.1517E-14  0.3215E-14
   0.000      0.1557E-14  0.2040E-14  0.4421E-14
   0.000      0.2000E-14  0.2655E-14  0.5893E-14
   0.000      0.2506E-14  0.3363E-14  0.7652E-14
   0.000      0.3076E-14  0.4171E-14  0.9721E-14
   0.000      0.3712E-14  0.5081E-14  0.1213E-13
   0.000      0.4414E-14  0.6095E-14  0.1490E-13
   0.000      0.5186E-14  0.7219E-14  0.1806E-13
   0.000      0.6026E-14  0.8452E-14  0.2162E-13
   0.000      0.6939E-14  0.9800E-14  0.2558E-13
   0.000      0.7924E-14  0.1126E-13  0.3001E-13
   0.000      0.8983E-14  0.1285E-13  0.3488E-13
   0.000      0.1011E-13  0.1456E-13  0.4020E-13
   0.000      0.1132E-13  0.1639E-13  0.4609E-13
   0.000      0.1260E-13  0.1835E-13  0.5233E-13
   0.000      0.1397E-13  0.2043E-13  0.5917E-13
   0.000      0.1541E-13  0.2265E-13  0.6648E-13
   0.000      0.1693E-13  0.2498E-13  0.7430E-13
   0.000      0.1852E-13  0.2748E-13  0.8270E-13
   0.000      0.2020E-13  0.3009E-13  0.9142E-13
   0.000      0.2196E-13  0.3284E-13  0.1009E-12
   0.000      0.2381E-13  0.3573E-13  0.1107E-12
   0.000      0.2573E-13  0.3876E-13  0.1213E-12
   0.000      0.2774E-13  0.4193E-13  0.1320E-12
   0.000      0.2983E-13  0.4524E-13  0.1436E-12
   0.000      0.3201E-13  0.4871E-13  0.1554E-12
   0.000      0.3428E-13  0.5229E-13  0.1680E-12
   0.000      0.3662E-13  0.5605E-13  0.1807E-12
   0.000      0.3907E-13  0.5995E-13  0.1944E-12
   0.000      0.4158E-13  0.6397E-13  0.2083E-12
   0.000      0.4420E-13  0.6817E-13  0.2227E-12
   0.000      0.4689E-13  0.7251E-13  0.2377E-12
   0.000      0.4967E-13  0.7697E-13  0.2532E-12
   0.000      0.5254E-13  0.8161E-13  0.2691E-12
   0.000      0.5551E-13  0.8642E-13  0.2853E-12
   0.000      0.5855E-13  0.9134E-13  0.3023E-12
   0.000      0.6171E-13  0.9641E-13  0.3199E-12
   0.000      0.6492E-13  0.1017E-12  0.3379E-12
   0.000      0.6823E-13  0.1070E-12  0.3560E-12
   0.000      0.7166E-13  0.1126E-12  0.3744E-12
   0.000      0.7517E-13  0.1183E-12  0.3936E-12
   0.000      0.7874E-13  0.1241E-12  0.4137E-12
   0.000      0.8242E-13  0.1301E-12  0.4338E-12
   0.000      0.8619E-13  0.1363E-12  0.4547E-12
   0.000      0.9007E-13  0.1426E-12  0.4758E-12
   0.000      0.9402E-13  0.1490E-12  0.4970E-12
   0.000      0.9806E-13  0.1557E-12  0.5186E-12
   0.000      0.1022E-12  0.1625E-12  0.5410E-12
   0.000      0.1064E-12  0.1694E-12  0.5637E-12
   0.000      0.1108E-12  0.1764E-12  0.5877E-12
   0.000      0.1152E-12  0.1837E-12  0.6113E-12

 e-i power loss /N (eV m3/s)                                     
   0.000       0.000       0.000       0.000    
   0.000       0.000       0.000       0.000    
   0.000       0.000       0.000       0.000    
   0.000       0.000       0.000       0.000    
   0.000       0.000       0.000       0.000    
   0.000       0.000       0.000       0.000    
   0.000       0.000       0.000       0.000    
   0.000       0.000       0.000       0.000    
   0.000       0.000       0.000       0.000    
   0.000       0.000       0.000       0.000    
   0.000       0.000       0.000       0.000    
   0.000       0.000       0.000       0.000    
   0.000       0.000       0.000       0.000    
   0.000       0.000       0.000       0.000    
   0.000       0.000       0.000       0.000    
   0.000       0.000       0.000       0.000    
   0.000       0.000       0.000       0.000    
   0.000       0.000       0.000       0.000    
   0.000       0.000       0.000       0.000    
   0.000       0.000       0.000       0.000    
   0.000       0.000       0.000       0.000    
   0.000       0.000       0.000       0.000    
   0.000       0.000       0.000       0.000    
   0.000       0.000       0.000       0.000    
   0.000       0.000       0.000       0.000    
   0.000       0.000       0.000       0.000    
   0.000       0.000       0.000       0.000    
   0.000       0.000       0.000       0.000    
   0.000       0.000       0.000       0.000    
   0.000       0.000       0.000       0.000    
   0.000       0.000       0.000       0.000    
   0.000       0.000       0.000       0.000    
   0.000       0.000       0.000       0.000    
   0.000       0.000       0.000       0.000    
   0.000       0.000       0.000       0.000    
   0.000       0.000       0.000       0.000    
   0.000       0.000       0.000       0.000    
   0.000       0.000       0.000       0.000    
   0.000       0.000       0.000       0.000    
   0.000       0.000       0.000       0.000    
   0.000       0.000       0.000       0.000    
   0.000       0.000       0.000       0.000    
   0.000       0.000       0.000       0.000    
   0.000       0.000       0.000       0.000    
   0.000       0.000       0.000       0.000    
   0.000       0.000       0.000       0.000    
   0.000       0.000       0.000       0.000    
   0.000       0.000       0.000       0.000    
   0.000       0.000       0.000       0.000    
   0.000       0.000       0.000       0.000    
   0.000       0.000       0.000       0.000    
   0.000       0.000       0.000       0.000    
   0.000       0.000       0.000       0.000    
   0.000       0.000       0.000       0.000    
   0.000       0.000       0.000       0.000    
   0.000       0.000       0.000       0.000    
   0.000       0.000       0.000       0.000    
   0.000       0.000       0.000       0.000    
   0.000       0.000       0.000       0.000    
   0.000       0.000       0.000       0.000    

 Coulomb logarithm                                               
   0.000       0.000       0.000       0.000    
   0.000       0.000       0.000       0.000    
   0.000       0.000       0.000       0.000    
   0.000       0.000       0.000       0.000    
   0.000       0.000       0.000       0.000    
   0.000       0.000       0.000       0.000    
   0.000       0.000       0.000       0.000    
   0.000       0.000       0.000       0.000    
   0.000       0.000       0.000       0.000    
   0.000       0.000       0.000       0.000    
   0.000       0.000       0.000       0.000    
   0.000       0.000       0.000       0.000    
   0.000       0.000       0.000       0.000    
   0.000       0.000       0.000       0.000    
   0.000       0.000       0.000       0.000    
   0.000       0.000       0.000       0.000    
   0.000       0.000       0.000       0.000    
   0.000       0.000       0.000       0.000    
   0.000       0.000       0.000       0.000    
   0.000       0.000       0.000       0.000    
   0.000       0.000       0.000       0.000    
   0.000       0.000       0.000       0.000    
   0.000       0.000       0.000       0.000    
   0.000       0.000       0.000       0.000    
   0.000       0.000       0.000       0.000    
   0.000       0.000       0.000       0.000    
   0.000       0.000       0.000       0.000    
   0.000       0.000       0.000       0.000    
   0.000       0.000       0.000       0.000    
   0.000       0.000       0.000       0.000    
   0.000       0.000       0.000       0.000    
   0.000       0.000       0.000       0.000    
   0.000       0.000       0.000       0.000    
   0.000       0.000       0.000       0.000    
   0.000       0.000       0.000       0.000    
   0.000       0.000       0.000       0.000    
   0.000       0.000       0.000       0.000    
   0.000       0.000       0.000       0.000    
   0.000       0.000       0.000       0.000    
   0.000       0.000       0.000       0.000    
   0.000       0.000       0.000       0.000    
   0.000       0.000       0.000       0.000    
   0.000       0.000       0.000       0.000    
   0.000       0.000       0.000       0.000    
   0.000       0.000       0.000       0.000    
   0.000       0.000       0.000       0.000    
   0.000       0.000       0.000       0.000    
   0.000       0.000       0.000       0.000    
   0.000       0.000       0.000       0.000    
   0.000       0.000       0.000       0.000    
   0.000       0.000       0.000       0.000    
   0.000       0.000       0.000       0.000    
   0.000       0.000       0.000       0.000    
   0.000       0.000       0.000       0.000    
   0.000       0.000       0.000       0.000    
   0.000       0.000       0.000       0.000    
   0.000       0.000       0.000       0.000    
   0.000       0.000       0.000       0.000    
   0.000       0.000       0.000       0.000    
   0.000       0.000       0.000       0.000    

 Maximum energy                                                  
  0.7342      0.6211      0.6211      0.6211    
   71.21       36.30       35.54       40.30    
   200.0       54.04       51.11       63.29    
   385.0       67.48       65.57       85.06    
   667.4       83.66       79.36       105.3    
   1114.       95.55       92.94       130.5    
   1854.       112.9       105.5       154.7    
   3454.       128.6       119.4       182.5    
   5305.       140.4       134.9       204.1    
   8978.       158.7       146.0       237.4    
  0.1000E+05   171.9       164.2       261.5    
  0.1000E+05   185.4       176.7       286.6    
  0.1000E+05   208.0       189.4       331.1    
  0.1000E+05   222.5       211.5       360.9    
  0.1000E+05   237.3       225.2       392.1    
  0.1000E+05   265.4       239.2       425.2    
  0.1000E+05   282.3       253.5       459.5    
  0.1000E+05   299.7       282.5       495.1    
  0.1000E+05   317.7       298.8       569.8    
  0.1000E+05   336.1       315.7       612.9    
  0.1000E+05   355.1       332.9       658.2    
  0.1000E+05   374.5       350.6       706.5    
  0.1000E+05   394.5       368.8       757.8    
  0.1000E+05   441.1       387.4       811.0    
  0.1000E+05   464.1       406.6       863.4    
  0.1000E+05   488.0       453.4       918.5    
  0.1000E+05   512.5       475.3       975.4    
  0.1000E+05   537.9       498.0       1036.    
  0.1000E+05   563.8       521.4       1099.    
  0.1000E+05   590.5       545.4       1274.    
  0.1000E+05   618.0       570.0       1351.    
  0.1000E+05   646.1       595.2       1434.    
  0.1000E+05   675.5       621.2       1519.    
  0.1000E+05   705.7       647.8       1608.    
  0.1000E+05   737.1       675.5       1393.    
  0.1000E+05   767.7       704.0       1473.    
  0.1000E+05   799.0       733.4       1520.    
  0.1000E+05   831.0       762.9       1605.    
  0.1000E+05   863.4       792.2       1692.    
  0.1000E+05   971.2       822.4       1741.    
  0.1000E+05   1010.       852.6       1836.    
  0.1000E+05   1050.       884.1       1885.    
  0.1000E+05   1091.       916.4       1984.    
  0.1000E+05   1133.       1030.       2037.    
  0.1000E+05   1177.       1068.       2139.    
  0.1000E+05   1221.       1108.       2194.    
  0.1000E+05   1266.       1148.       2309.    
  0.1000E+05   1313.       1189.       2357.    
  0.1000E+05   1362.       1231.       2472.    
  0.1000E+05   1412.       1274.       2531.    
  0.1000E+05   1463.       1318.       2654.    
  0.1000E+05   1516.       1365.       2711.    
  0.1000E+05   1571.       1412.       2845.    
  0.1000E+05   1627.       1460.       2895.    
  0.1000E+05   1685.       1509.       3027.    
  0.1000E+05   1744.       1561.       3086.    
  0.1000E+05   1806.       1614.       3139.    
  0.1000E+05   1871.       1668.       3249.    
  0.1000E+05   1936.       1723.       3408.    
  0.1000E+05   2003.       1781.       3458.    

 # of iterations                                                 
   8.000       4.000       4.000       4.000    
   8.000       5.000       5.000       5.000    
   8.000       5.000       5.000       5.000    
   8.000       6.000       6.000       6.000    
   7.000       6.000       6.000       6.000    
   8.000       7.000       7.000       6.000    
   8.000       7.000       7.000       6.000    
   12.00       7.000       7.000       7.000    
   12.00       7.000       7.000       6.000    
   12.00       7.000       7.000       7.000    
   8.000       7.000       7.000       7.000    
   8.000       7.000       7.000       7.000    
   8.000       7.000       7.000       7.000    
   8.000       7.000       7.000       7.000    
   8.000       7.000       7.000       8.000    
   8.000       7.000       7.000       8.000    
   8.000       7.000       7.000       8.000    
   8.000       7.000       7.000       8.000    
   8.000       7.000       7.000       8.000    
   8.000       7.000       7.000       9.000    
   8.000       7.000       7.000       9.000    
   8.000       7.000       7.000       9.000    
   8.000       7.000       7.000       9.000    
   8.000       7.000       7.000       9.000    
   8.000       7.000       7.000       9.000    
   8.000       8.000       7.000       9.000    
   8.000       8.000       8.000       9.000    
   8.000       8.000       8.000       9.000    
   8.000       8.000       8.000       10.00    
   8.000       8.000       8.000       10.00    
   8.000       8.000       8.000       11.00    
   8.000       8.000       8.000       11.00    
   8.000       8.000       8.000       11.00    
   8.000       8.000       8.000       11.00    
   8.000       8.000       8.000       22.00    
   8.000       8.000       8.000       22.00    
   8.000       8.000       8.000       21.00    
   8.000       8.000       8.000       21.00    
   8.000       9.000       9.000       23.00    
   8.000       9.000       9.000       23.00    
   8.000       9.000       9.000       23.00    
   8.000       9.000       9.000       23.00    
   8.000       9.000       9.000       23.00    
   8.000       9.000       9.000       24.00    
   8.000       9.000       9.000       24.00    
   8.000       9.000       9.000       24.00    
   8.000       9.000       9.000       24.00    
   8.000       9.000       9.000       24.00    
   8.000       9.000       9.000       24.00    
   8.000       9.000       9.000       24.00    
   8.000       9.000       9.000       24.00    
   8.000       9.000       9.000       23.00    
   8.000       10.00       10.00       23.00    
   8.000       10.00       10.00       23.00    
   8.000       10.00       10.00       23.00    
   8.000       10.00       10.00       23.00    
   8.000       10.00       10.00       23.00    
   8.000       10.00       10.00       24.00    
   8.000       10.00       10.00       24.00    
   8.000       10.00       10.00       24.00    

 # of grid trials                                                
   2.000       1.000       1.000       1.000    
   2.000       1.000       1.000       1.000    
   2.000       1.000       1.000       1.000    
   2.000       1.000       1.000       1.000    
   2.000       1.000       1.000       1.000    
   2.000       1.000       1.000       1.000    
   2.000       1.000       1.000       1.000    
   3.000       1.000       1.000       1.000    
   3.000       1.000       1.000       1.000    
   3.000       1.000       1.000       1.000    
   2.000       1.000       1.000       1.000    
   2.000       1.000       1.000       1.000    
   2.000       1.000       1.000       1.000    
   2.000       1.000       1.000       1.000    
   2.000       1.000       1.000       1.000    
   2.000       1.000       1.000       1.000    
   2.000       1.000       1.000       1.000    
   2.000       1.000       1.000       1.000    
   2.000       1.000       1.000       1.000    
   2.000       1.000       1.000       1.000    
   2.000       1.000       1.000       1.000    
   2.000       1.000       1.000       1.000    
   2.000       1.000       1.000       1.000    
   2.000       1.000       1.000       1.000    
   2.000       1.000       1.000       1.000    
   2.000       1.000       1.000       1.000    
   2.000       1.000       1.000       1.000    
   2.000       1.000       1.000       1.000    
   2.000       1.000       1.000       1.000    
   2.000       1.000       1.000       1.000    
   2.000       1.000       1.000       1.000    
   2.000       1.000       1.000       1.000    
   2.000       1.000       1.000       1.000    
   2.000       1.000       1.000       1.000    
   2.000       1.000       1.000       2.000    
   2.000       1.000       1.000       2.000    
   2.000       1.000       1.000       2.000    
   2.000       1.000       1.000       2.000    
   2.000       1.000       1.000       2.000    
   2.000       1.000       1.000       2.000    
   2.000       1.000       1.000       2.000    
   2.000       1.000       1.000       2.000    
   2.000       1.000       1.000       2.000    
   2.000       1.000       1.000       2.000    
   2.000       1.000       1.000       2.000    
   2.000       1.000       1.000       2.000    
   2.000       1.000       1.000       2.000    
   2.000       1.000       1.000       2.000    
   2.000       1.000       1.000       2.000    
   2.000       1.000       1.000       2.000    
   2.000       1.000       1.000       2.000    
   2.000       1.000       1.000       2.000    
   2.000       1.000       1.000       2.000    
   2.000       1.000       1.000       2.000    
   2.000       1.000       1.000       2.000    
   2.000       1.000       1.000       2.000    
   2.000       1.000       1.000       2.000    
   2.000       1.000       1.000       2.000    
   2.000       1.000       1.000       2.000    
   2.000       1.000       1.000       2.000    

 Error code                                                      
   0.000       0.000       0.000       0.000    
   0.000       0.000       0.000       0.000    
  -1.000       0.000       0.000       0.000    
  -1.000       0.000       0.000       0.000    
  -1.000       0.000       0.000       0.000    
  -1.000       0.000       0.000       0.000    
  -1.000       0.000       0.000       0.000    
  -1.000       0.000       0.000      -1.000    
  -1.000       0.000       0.000      -1.000    
  -1.000      -1.000       0.000      -1.000    
   1.000      -1.000      -1.000      -1.000    
   1.000      -1.000      -1.000      -1.000    
   1.000      -1.000      -1.000      -1.000    
   1.000      -1.000      -1.000      -1.000    
   1.000      -1.000      -1.000      -1.000    
   1.000      -1.000      -1.000      -1.000    
   1.000      -1.000      -1.000      -1.000    
   1.000      -1.000      -1.000      -1.000    
   1.000      -1.000      -1.000      -1.000    
   1.000      -1.000      -1.000      -1.000    
   1.000      -1.000      -1.000      -1.000    
   1.000      -1.000      -1.000      -1.000    
   1.000      -1.000      -1.000      -1.000    
   1.000      -1.000      -1.000      -1.000    
   1.000      -1.000      -1.000      -1.000    
   1.000      -1.000      -1.000      -1.000    
   1.000      -1.000      -1.000      -1.000    
   1.000      -1.000      -1.000      -1.000    
   1.000      -1.000      -1.000      -1.000    
   1.000      -1.000      -1.000      -1.000    
   1.000      -1.000      -1.000      -1.000    
   1.000      -1.000      -1.000      -1.000    
   1.000      -1.000      -1.000      -1.000    
   1.000      -1.000      -1.000      -1.000    
   1.000      -1.000      -1.000      -1.000    
   1.000      -1.000      -1.000      -1.000    
   1.000      -1.000      -1.000      -1.000    
   1.000      -1.000      -1.000      -1.000    
   1.000      -1.000      -1.000      -1.000    
   1.000      -1.000      -1.000      -1.000    
   1.000      -1.000      -1.000      -1.000    
   1.000      -1.000      -1.000      -1.000    
   1.000      -1.000      -1.000      -1.000    
   1.000      -1.000      -1.000      -1.000    
   1.000      -1.000      -1.000      -1.000    
   1.000      -1.000      -1.000      -1.000    
   1.000      -1.000      -1.000      -1.000    
   1.000      -1.000      -1.000      -1.000    
   1.000      -1.000      -1.000      -1.000    
   1.000      -1.000      -1.000      -1.000    
   1.000      -1.000      -1.000      -1.000    
   1.000      -1.000      -1.000      -1.000    
   1.000      -1.000      -1.000      -1.000    
   1.000      -1.000      -1.000      -1.000    
   1.000      -1.000      -1.000      -1.000    
   1.000      -1.000      -1.000      -1.000    
   1.000      -1.000      -1.000      -1.000    
   1.000      -1.000      -1.000      -1.000    
   1.000      -1.000      -1.000      -1.000    
   1.000      -1.000      -1.000      -1.000    

 C1    He    Elastic                                             
 Rate coefficient (m3/s)
  7.2596E-15  6.4444E-15  6.2517E-15  6.1702E-15
  7.8955E-14  7.6020E-14  7.4715E-14  7.4153E-14
  7.0456E-14  7.8146E-14  7.7622E-14  7.7026E-14
  5.6246E-14  7.8143E-14  7.7854E-14  7.7406E-14
  4.3976E-14  7.7955E-14  7.7840E-14  7.7494E-14
  3.4564E-14  7.7650E-14  7.7705E-14  7.7424E-14
  2.7543E-14  7.7275E-14  7.7490E-14  7.7232E-14
  2.2216E-14  7.6829E-14  7.7205E-14  7.6933E-14
  1.8100E-14  7.6330E-14  7.6859E-14  7.6543E-14
  1.4841E-14  7.5793E-14  7.6468E-14  7.6071E-14
  1.2248E-14  7.5221E-14  7.6039E-14  7.5533E-14
  1.0124E-14  7.4618E-14  7.5573E-14  7.4933E-14
  8.3723E-15  7.3995E-14  7.5077E-14  7.4284E-14
  6.9173E-15  7.3356E-14  7.4557E-14  7.3592E-14
  5.7073E-15  7.2705E-14  7.4019E-14  7.2865E-14
  4.7072E-15  7.2041E-14  7.3466E-14  7.2105E-14
  3.8904E-15  7.1371E-14  7.2894E-14  7.1317E-14
  3.2333E-15  7.0696E-14  7.2313E-14  7.0513E-14
  2.7120E-15  7.0021E-14  7.1725E-14  6.9693E-14
  2.3028E-15  6.9344E-14  7.1130E-14  6.8860E-14
  1.9834E-15  6.8666E-14  7.0530E-14  6.8014E-14
  1.7342E-15  6.7991E-14  6.9927E-14  6.7171E-14
  1.5392E-15  6.7315E-14  6.9319E-14  6.6308E-14
  1.3856E-15  6.6643E-14  6.8711E-14  6.5466E-14
  1.2636E-15  6.5975E-14  6.8101E-14  6.4609E-14
  1.1659E-15  6.5313E-14  6.7492E-14  6.3766E-14
  1.0867E-15  6.4656E-14  6.6888E-14  6.2921E-14
  1.0220E-15  6.4003E-14  6.6280E-14  6.2076E-14
  9.6850E-16  6.3355E-14  6.5678E-14  6.1263E-14
  9.2392E-16  6.2714E-14  6.5078E-14  6.0438E-14
  8.8642E-16  6.2076E-14  6.4482E-14  5.9630E-14
  8.5460E-16  6.1448E-14  6.3889E-14  5.8821E-14
  8.2739E-16  6.0823E-14  6.3299E-14  5.8047E-14
  8.0395E-16  6.0207E-14  6.2715E-14  5.7260E-14
  7.8361E-16  5.9596E-14  6.2131E-14  5.6495E-14
  7.6586E-16  5.8992E-14  6.1558E-14  5.5734E-14
  7.5027E-16  5.8397E-14  6.0985E-14  5.5007E-14
  7.3650E-16  5.7804E-14  6.0416E-14  5.4268E-14
  7.2428E-16  5.7223E-14  5.9859E-14  5.3554E-14
  7.1337E-16  5.6646E-14  5.9302E-14  5.2852E-14
  7.0361E-16  5.6077E-14  5.8750E-14  5.2159E-14
  6.9482E-16  5.5515E-14  5.8207E-14  5.1472E-14
  6.8689E-16  5.4960E-14  5.7668E-14  5.0812E-14
  6.7970E-16  5.4409E-14  5.7132E-14  5.0169E-14
  6.7316E-16  5.3868E-14  5.6606E-14  4.9519E-14
  6.6720E-16  5.3329E-14  5.6085E-14  4.8875E-14
  6.6174E-16  5.2804E-14  5.5564E-14  4.8246E-14
  6.5673E-16  5.2284E-14  5.5054E-14  4.7648E-14
  6.5212E-16  5.1763E-14  5.4544E-14  4.7072E-14
  6.4788E-16  5.1253E-14  5.4050E-14  4.6486E-14
  6.4395E-16  5.0753E-14  5.3556E-14  4.5898E-14
  6.4031E-16  5.0257E-14  5.3065E-14  4.5332E-14
  6.3693E-16  4.9766E-14  5.2579E-14  4.4757E-14
  6.3379E-16  4.9281E-14  5.2103E-14  4.4218E-14
  6.3086E-16  4.8804E-14  5.1634E-14  4.3702E-14
  6.2812E-16  4.8333E-14  5.1167E-14  4.3185E-14
  6.2557E-16  4.7867E-14  5.0703E-14  4.2671E-14
  6.2317E-16  4.7409E-14  5.0247E-14  4.2169E-14
  6.2092E-16  4.6948E-14  4.9800E-14  4.1656E-14
  6.1881E-16  4.6501E-14  4.9353E-14  4.1167E-14

 C2    He    Excitation    19.82 eV                              
 Rate coefficient (m3/s)
  0.0000E+00  0.0000E+00  0.0000E+00  0.0000E+00
  3.3407E-17  1.6773E-18  1.1086E-18  1.6353E-18
  5.6087E-16  2.8151E-17  1.9848E-17  2.0884E-17
  8.9090E-16  6.5675E-17  4.7934E-17  4.8038E-17
  9.8337E-16  1.0528E-16  7.8908E-17  7.7838E-17
  9.9136E-16  1.4437E-16  1.1057E-16  1.0875E-16
  9.7372E-16  1.8235E-16  1.4204E-16  1.4015E-16
  9.4724E-16  2.1887E-16  1.7300E-16  1.7186E-16
  9.1678E-16  2.5392E-16  2.0324E-16  2.0360E-16
  8.8399E-16  2.8761E-16  2.3278E-16  2.3537E-16
  8.4974E-16  3.1992E-16  2.6150E-16  2.6682E-16
  8.1394E-16  3.5086E-16  2.8948E-16  2.9797E-16
  7.7667E-16  3.8059E-16  3.1664E-16  3.2866E-16
  7.3803E-16  4.0909E-16  3.4304E-16  3.5867E-16
  6.9844E-16  4.3641E-16  3.6863E-16  3.8791E-16
  6.5873E-16  4.6256E-16  3.9338E-16  4.1641E-16
  6.2012E-16  4.8763E-16  4.1743E-16  4.4414E-16
  5.8386E-16  5.1162E-16  4.4058E-16  4.7072E-16
  5.5090E-16  5.3456E-16  4.6298E-16  4.9643E-16
  5.2176E-16  5.5652E-16  4.8460E-16  5.2102E-16
  4.9652E-16  5.7753E-16  5.0551E-16  5.4489E-16
  4.7495E-16  5.9746E-16  5.2563E-16  5.6731E-16
  4.5666E-16  6.1664E-16  5.4501E-16  5.8922E-16
  4.4119E-16  6.3480E-16  5.6362E-16  6.0955E-16
  4.2810E-16  6.5216E-16  5.8161E-16  6.2943E-16
  4.1699E-16  6.6877E-16  5.9880E-16  6.4783E-16
  4.0754E-16  6.8465E-16  6.1530E-16  6.6569E-16
  3.9944E-16  6.9973E-16  6.3131E-16  6.8283E-16
  3.9248E-16  7.1410E-16  6.4666E-16  6.9827E-16
  3.8645E-16  7.2781E-16  6.6128E-16  7.1347E-16
  3.8121E-16  7.4090E-16  6.7538E-16  7.2776E-16
  3.7662E-16  7.5329E-16  6.8890E-16  7.4139E-16
  3.7258E-16  7.6513E-16  7.0185E-16  7.5401E-16
  3.6902E-16  7.7639E-16  7.1429E-16  7.6609E-16
  3.6585E-16  7.8716E-16  7.2624E-16  7.7759E-16
  3.6303E-16  7.9738E-16  7.3758E-16  7.8861E-16
  3.6050E-16  8.0713E-16  7.4857E-16  7.9849E-16
  3.5822E-16  8.1642E-16  7.5911E-16  8.0809E-16
  3.5617E-16  8.2520E-16  7.6910E-16  8.1706E-16
  3.5431E-16  8.3361E-16  7.7874E-16  8.2572E-16
  3.5261E-16  8.4159E-16  7.8799E-16  8.3378E-16
  3.5107E-16  8.4910E-16  7.9680E-16  8.4130E-16
  3.4966E-16  8.5627E-16  8.0515E-16  8.4818E-16
  3.4837E-16  8.6317E-16  8.1335E-16  8.5484E-16
  3.4718E-16  8.6971E-16  8.2096E-16  8.6139E-16
  3.4609E-16  8.7586E-16  8.2832E-16  8.6756E-16
  3.4507E-16  8.8167E-16  8.3546E-16  8.7314E-16
  3.4414E-16  8.8727E-16  8.4225E-16  8.7819E-16
  3.4327E-16  8.9263E-16  8.4874E-16  8.8280E-16
  3.4246E-16  8.9771E-16  8.5480E-16  8.8743E-16
  3.4171E-16  9.0243E-16  8.6072E-16  8.9193E-16
  3.4101E-16  9.0692E-16  8.6643E-16  8.9616E-16
  3.4035E-16  9.1122E-16  8.7187E-16  9.0042E-16
  3.3974E-16  9.1528E-16  8.7701E-16  9.0387E-16
  3.3916E-16  9.1907E-16  8.8187E-16  9.0683E-16
  3.3862E-16  9.2271E-16  8.8658E-16  9.0984E-16
  3.3811E-16  9.2617E-16  8.9107E-16  9.1272E-16
  3.3764E-16  9.2946E-16  8.9528E-16  9.1546E-16
  3.3718E-16  9.3256E-16  8.9937E-16  9.1821E-16
  3.3676E-16  9.3542E-16  9.0332E-16  9.2068E-16

 C3    He    Ionization    24.59 eV                              
 Rate coefficient (m3/s)
  0.0000E+00  0.0000E+00  0.0000E+00  0.0000E+00
  5.9595E-18  6.8944E-21  3.1137E-21  1.2234E-20
  9.6714E-16  1.8201E-18  9.6947E-19  1.7215E-18
  3.9918E-15  1.1221E-17  6.5219E-18  9.8718E-18
  8.0454E-15  3.1017E-17  1.9073E-17  2.7171E-17
  1.2055E-14  6.1405E-17  3.9341E-17  5.4691E-17
  1.5589E-14  1.0190E-16  6.7321E-17  9.2867E-17
  1.8568E-14  1.5175E-16  1.0278E-16  1.4205E-16
  2.0995E-14  2.1021E-16  1.4537E-16  2.0231E-16
  2.2910E-14  2.7673E-16  1.9477E-16  2.7391E-16
  2.4327E-14  3.5063E-16  2.5059E-16  3.5661E-16
  2.5305E-14  4.3138E-16  3.1260E-16  4.5076E-16
  2.5867E-14  5.1858E-16  3.8039E-16  5.5583E-16
  2.6048E-14  6.1174E-16  4.5376E-16  6.7150E-16
  2.5891E-14  7.1054E-16  5.3238E-16  7.9763E-16
  2.5456E-14  8.1452E-16  6.1597E-16  9.3405E-16
  2.4819E-14  9.2346E-16  7.0447E-16  1.0804E-15
  2.4064E-14  1.0370E-15  7.9731E-16  1.2351E-15
  2.3265E-14  1.1548E-15  8.9446E-16  1.3977E-15
  2.2482E-14  1.2768E-15  9.9573E-16  1.5693E-15
  2.1750E-14  1.4026E-15  1.1010E-15  1.7478E-15
  2.1087E-14  1.5315E-15  1.2097E-15  1.9321E-15
  2.0499E-14  1.6643E-15  1.3220E-15  2.1257E-15
  1.9983E-14  1.7995E-15  1.4376E-15  2.3202E-15
  1.9534E-14  1.9380E-15  1.5561E-15  2.5226E-15
  1.9144E-14  2.0791E-15  1.6776E-15  2.7284E-15
  1.8806E-14  2.2228E-15  1.8012E-15  2.9379E-15
  1.8511E-14  2.3687E-15  1.9286E-15  3.1524E-15
  1.8253E-14  2.5167E-15  2.0575E-15  3.3652E-15
  1.8028E-14  2.6666E-15  2.1890E-15  3.5851E-15
  1.7829E-14  2.8188E-15  2.3222E-15  3.8041E-15
  1.7654E-14  2.9720E-15  2.4577E-15  4.0290E-15
  1.7499E-14  3.1272E-15  2.5950E-15  4.2473E-15
  1.7360E-14  3.2834E-15  2.7337E-15  4.4744E-15
  1.7237E-14  3.4414E-15  2.8747E-15  4.6976E-15
  1.7126E-14  3.6005E-15  3.0159E-15  4.9244E-15
  1.7026E-14  3.7600E-15  3.1595E-15  5.1454E-15
  1.6936E-14  3.9219E-15  3.3045E-15  5.3735E-15
  1.6854E-14  4.0830E-15  3.4493E-15  5.5973E-15
  1.6779E-14  4.2456E-15  3.5964E-15  5.8202E-15
  1.6711E-14  4.4089E-15  3.7442E-15  6.0436E-15
  1.6649E-14  4.5724E-15  3.8919E-15  6.2686E-15
  1.6592E-14  4.7364E-15  4.0413E-15  6.4892E-15
  1.6540E-14  4.9015E-15  4.1914E-15  6.7057E-15
  1.6492E-14  5.0656E-15  4.3415E-15  6.9264E-15
  1.6447E-14  5.2321E-15  4.4917E-15  7.1475E-15
  1.6406E-14  5.3962E-15  4.6438E-15  7.3668E-15
  1.6368E-14  5.5612E-15  4.7949E-15  7.5800E-15
  1.6332E-14  5.7281E-15  4.9480E-15  7.7882E-15
  1.6299E-14  5.8939E-15  5.0988E-15  8.0006E-15
  1.6268E-14  6.0584E-15  5.2510E-15  8.2153E-15
  1.6239E-14  6.2237E-15  5.4041E-15  8.4239E-15
  1.6212E-14  6.3889E-15  5.5575E-15  8.6357E-15
  1.6187E-14  6.5543E-15  5.7095E-15  8.8406E-15
  1.6163E-14  6.7186E-15  5.8610E-15  9.0408E-15
  1.6141E-14  6.8826E-15  6.0136E-15  9.2405E-15
  1.6120E-14  7.0469E-15  6.1668E-15  9.4409E-15
  1.6100E-14  7.2095E-15  6.3190E-15  9.6384E-15
  1.6081E-14  7.3750E-15  6.4698E-15  9.8411E-15
  1.6063E-14  7.5381E-15  6.6218E-15  1.0036E-14

 C4    N2    Effective (momentum)                                
 Rate coefficient (m3/s)
  5.9125E-15  4.9105E-15  4.6886E-15  4.5965E-15
  1.8511E-13  1.7088E-13  1.6792E-13  1.6725E-13
  2.4054E-13  1.8575E-13  1.8225E-13  1.7967E-13
  2.7921E-13  1.9178E-13  1.8782E-13  1.8508E-13
  3.0423E-13  1.9646E-13  1.9204E-13  1.8935E-13
  3.1977E-13  2.0055E-13  1.9573E-13  1.9323E-13
  3.2946E-13  2.0430E-13  1.9913E-13  1.9694E-13
  3.3531E-13  2.0781E-13  2.0232E-13  2.0053E-13
  3.3830E-13  2.1114E-13  2.0537E-13  2.0405E-13
  3.3900E-13  2.1433E-13  2.0830E-13  2.0749E-13
  3.3764E-13  2.1740E-13  2.1115E-13  2.1088E-13
  3.3435E-13  2.2035E-13  2.1390E-13  2.1422E-13
  3.2904E-13  2.2320E-13  2.1658E-13  2.1749E-13
  3.2169E-13  2.2596E-13  2.1918E-13  2.2071E-13
  3.1242E-13  2.2863E-13  2.2172E-13  2.2386E-13
  3.0160E-13  2.3120E-13  2.2419E-13  2.2697E-13
  2.8982E-13  2.3372E-13  2.2660E-13  2.3001E-13
  2.7778E-13  2.3615E-13  2.2894E-13  2.3298E-13
  2.6611E-13  2.3852E-13  2.3123E-13  2.3589E-13
  2.5526E-13  2.4083E-13  2.3347E-13  2.3873E-13
  2.4548E-13  2.4306E-13  2.3566E-13  2.4151E-13
  2.3685E-13  2.4523E-13  2.3779E-13  2.4421E-13
  2.2934E-13  2.4734E-13  2.3987E-13  2.4687E-13
  2.2284E-13  2.4939E-13  2.4190E-13  2.4942E-13
  2.1724E-13  2.5139E-13  2.4388E-13  2.5193E-13
  2.1241E-13  2.5334E-13  2.4581E-13  2.5435E-13
  2.0824E-13  2.5524E-13  2.4770E-13  2.5672E-13
  2.0462E-13  2.5709E-13  2.4956E-13  2.5904E-13
  2.0148E-13  2.5889E-13  2.5137E-13  2.6122E-13
  1.9874E-13  2.6064E-13  2.5313E-13  2.6340E-13
  1.9633E-13  2.6236E-13  2.5486E-13  2.6549E-13
  1.9421E-13  2.6402E-13  2.5655E-13  2.6755E-13
  1.9233E-13  2.6565E-13  2.5820E-13  2.6948E-13
  1.9066E-13  2.6723E-13  2.5980E-13  2.7142E-13
  1.8917E-13  2.6877E-13  2.6138E-13  2.7327E-13
  1.8783E-13  2.7029E-13  2.6292E-13  2.7509E-13
  1.8663E-13  2.7176E-13  2.6442E-13  2.7680E-13
  1.8554E-13  2.7320E-13  2.6590E-13  2.7851E-13
  1.8456E-13  2.7459E-13  2.6734E-13  2.8014E-13
  1.8366E-13  2.7597E-13  2.6875E-13  2.8173E-13
  1.8285E-13  2.7730E-13  2.7013E-13  2.8327E-13
  1.8210E-13  2.7860E-13  2.7147E-13  2.8478E-13
  1.8142E-13  2.7988E-13  2.7279E-13  2.8621E-13
  1.8079E-13  2.8112E-13  2.7409E-13  2.8759E-13
  1.8021E-13  2.8234E-13  2.7535E-13  2.8897E-13
  1.7968E-13  2.8353E-13  2.7658E-13  2.9032E-13
  1.7918E-13  2.8468E-13  2.7779E-13  2.9162E-13
  1.7872E-13  2.8582E-13  2.7897E-13  2.9285E-13
  1.7830E-13  2.8694E-13  2.8014E-13  2.9401E-13
  1.7790E-13  2.8803E-13  2.8126E-13  2.9518E-13
  1.7753E-13  2.8908E-13  2.8237E-13  2.9635E-13
  1.7718E-13  2.9012E-13  2.8347E-13  2.9746E-13
  1.7686E-13  2.9113E-13  2.8454E-13  2.9858E-13
  1.7656E-13  2.9212E-13  2.8558E-13  2.9962E-13
  1.7627E-13  2.9309E-13  2.8659E-13  3.0060E-13
  1.7600E-13  2.9404E-13  2.8759E-13  3.0157E-13
  1.7575E-13  2.9497E-13  2.8857E-13  3.0253E-13
  1.7551E-13  2.9588E-13  2.8953E-13  3.0346E-13
  1.7529E-13  2.9678E-13  2.9046E-13  3.0439E-13
  1.7508E-13  2.9764E-13  2.9139E-13  3.0528E-13

 C5    O2    Effective (momentum)                                
 Rate coefficient (m3/s)
  2.3580E-15  1.9217E-15  1.8267E-15  1.7874E-15
  1.1809E-13  9.5788E-14  8.9734E-14  8.7385E-14
  1.8905E-13  1.1803E-13  1.1267E-13  1.0817E-13
  2.3817E-13  1.2609E-13  1.2032E-13  1.1582E-13
  2.8054E-13  1.3230E-13  1.2601E-13  1.2175E-13
  3.1964E-13  1.3770E-13  1.3096E-13  1.2709E-13
  3.5483E-13  1.4267E-13  1.3552E-13  1.3215E-13
  3.8485E-13  1.4728E-13  1.3979E-13  1.3700E-13
  4.0885E-13  1.5161E-13  1.4382E-13  1.4170E-13
  4.2672E-13  1.5573E-13  1.4768E-13  1.4625E-13
  4.3836E-13  1.5967E-13  1.5140E-13  1.5069E-13
  4.4412E-13  1.6341E-13  1.5496E-13  1.5502E-13
  4.4417E-13  1.6701E-13  1.5840E-13  1.5925E-13
  4.3886E-13  1.7048E-13  1.6173E-13  1.6340E-13
  4.2882E-13  1.7383E-13  1.6495E-13  1.6746E-13
  4.1505E-13  1.7705E-13  1.6808E-13  1.7146E-13
  3.9885E-13  1.8019E-13  1.7112E-13  1.7538E-13
  3.8161E-13  1.8323E-13  1.7407E-13  1.7924E-13
  3.6454E-13  1.8619E-13  1.7695E-13  1.8301E-13
  3.4849E-13  1.8908E-13  1.7977E-13  1.8674E-13
  3.3395E-13  1.9190E-13  1.8252E-13  1.9041E-13
  3.2109E-13  1.9463E-13  1.8522E-13  1.9400E-13
  3.0988E-13  1.9732E-13  1.8784E-13  1.9757E-13
  3.0020E-13  1.9992E-13  1.9042E-13  2.0103E-13
  2.9188E-13  2.0249E-13  1.9295E-13  2.0448E-13
  2.8472E-13  2.0501E-13  1.9542E-13  2.0784E-13
  2.7855E-13  2.0749E-13  1.9785E-13  2.1117E-13
  2.7321E-13  2.0992E-13  2.0025E-13  2.1447E-13
  2.6859E-13  2.1230E-13  2.0261E-13  2.1763E-13
  2.6456E-13  2.1464E-13  2.0492E-13  2.2082E-13
  2.6103E-13  2.1696E-13  2.0720E-13  2.2392E-13
  2.5793E-13  2.1922E-13  2.0944E-13  2.2702E-13
  2.5519E-13  2.2146E-13  2.1165E-13  2.2999E-13
  2.5276E-13  2.2366E-13  2.1383E-13  2.3299E-13
  2.5059E-13  2.2584E-13  2.1598E-13  2.3591E-13
  2.4865E-13  2.2800E-13  2.1809E-13  2.3883E-13
  2.4691E-13  2.3012E-13  2.2019E-13  2.4161E-13
  2.4534E-13  2.3223E-13  2.2227E-13  2.4444E-13
  2.4392E-13  2.3429E-13  2.2431E-13  2.4719E-13
  2.4263E-13  2.3634E-13  2.2633E-13  2.4990E-13
  2.4146E-13  2.3837E-13  2.2833E-13  2.5258E-13
  2.4039E-13  2.4037E-13  2.3030E-13  2.5523E-13
  2.3941E-13  2.4235E-13  2.3225E-13  2.5782E-13
  2.3851E-13  2.4433E-13  2.3420E-13  2.6034E-13
  2.3768E-13  2.4627E-13  2.3610E-13  2.6290E-13
  2.3691E-13  2.4820E-13  2.3799E-13  2.6543E-13
  2.3620E-13  2.5010E-13  2.3987E-13  2.6790E-13
  2.3555E-13  2.5199E-13  2.4172E-13  2.7030E-13
  2.3494E-13  2.5389E-13  2.4358E-13  2.7263E-13
  2.3437E-13  2.5576E-13  2.4538E-13  2.7499E-13
  2.3385E-13  2.5760E-13  2.4719E-13  2.7737E-13
  2.3335E-13  2.5943E-13  2.4900E-13  2.7967E-13
  2.3289E-13  2.6125E-13  2.5079E-13  2.8199E-13
  2.3246E-13  2.6305E-13  2.5254E-13  2.8422E-13
  2.3206E-13  2.6483E-13  2.5428E-13  2.8639E-13
  2.3168E-13  2.6661E-13  2.5601E-13  2.8854E-13
  2.3132E-13  2.6837E-13  2.5774E-13  2.9069E-13
  2.3098E-13  2.7012E-13  2.5945E-13  2.9281E-13
  2.3066E-13  2.7187E-13  2.6113E-13  2.9497E-13
  2.3036E-13  2.7360E-13  2.6282E-13  2.9705E-13

 C1    He    Elastic                                             
 Inverse rate coefficient (m3/s)
  0.0000E+00  0.0000E+00  0.0000E+00  0.0000E+00
  0.0000E+00  0.0000E+00  0.0000E+00  0.0000E+00
  0.0000E+00  0.0000E+00  0.0000E+00  0.0000E+00
  0.0000E+00  0.0000E+00  0.0000E+00  0.0000E+00
  0.0000E+00  0.0000E+00  0.0000E+00  0.0000E+00
  0.0000E+00  0.0000E+00  0.0000E+00  0.0000E+00
  0.0000E+00  0.0000E+00  0.0000E+00  0.0000E+00
  0.0000E+00  0.0000E+00  0.0000E+00  0.0000E+00
  0.0000E+00  0.0000E+00  0.0000E+00  0.0000E+00
  0.0000E+00  0.0000E+00  0.0000E+00  0.0000E+00
  0.0000E+00  0.0000E+00  0.0000E+00  0.0000E+00
  0.0000E+00  0.0000E+00  0.0000E+00  0.0000E+00
  0.0000E+00  0.0000E+00  0.0000E+00  0.0000E+00
  0.0000E+00  0.0000E+00  0.0000E+00  0.0000E+00
  0.0000E+00  0.0000E+00  0.0000E+00  0.0000E+00
  0.0000E+00  0.0000E+00  0.0000E+00  0.0000E+00
  0.0000E+00  0.0000E+00  0.0000E+00  0.0000E+00
  0.0000E+00  0.0000E+00  0.0000E+00  0.0000E+00
  0.0000E+00  0.0000E+00  0.0000E+00  0.0000E+00
  0.0000E+00  0.0000E+00  0.0000E+00  0.0000E+00
  0.0000E+00  0.0000E+00  0.0000E+00  0.0000E+00
  0.0000E+00  0.0000E+00  0.0000E+00  0.0000E+00
  0.0000E+00  0.0000E+00  0.0000E+00  0.0000E+00
  0.0000E+00  0.0000E+00  0.0000E+00  0.0000E+00
  0.0000E+00  0.0000E+00  0.0000E+00  0.0000E+00
  0.0000E+00  0.0000E+00  0.0000E+00  0.0000E+00
  0.0000E+00  0.0000E+00  0.0000E+00  0.0000E+00
  0.0000E+00  0.0000E+00  0.0000E+00  0.0000E+00
  0.0000E+00  0.0000E+00  0.0000E+00  0.0000E+00
  0.0000E+00  0.0000E+00  0.0000E+00  0.0000E+00
  0.0000E+00  0.0000E+00  0.0000E+00  0.0000E+00
  0.0000E+00  0.0000E+00  0.0000E+00  0.0000E+00
  0.0000E+00  0.0000E+00  0.0000E+00  0.0000E+00
  0.0000E+00  0.0000E+00  0.0000E+00  0.0000E+00
  0.0000E+00  0.0000E+00  0.0000E+00  0.0000E+00
  0.0000E+00  0.0000E+00  0.0000E+00  0.0000E+00
  0.0000E+00  0.0000E+00  0.0000E+00  0.0000E+00
  0.0000E+00  0.0000E+00  0.0000E+00  0.0000E+00
  0.0000E+00  0.0000E+00  0.0000E+00  0.0000E+00
  0.0000E+00  0.0000E+00  0.0000E+00  0.0000E+00
  0.0000E+00  0.0000E+00  0.0000E+00  0.0000E+00
  0.0000E+00  0.0000E+00  0.0000E+00  0.0000E+00
  0.0000E+00  0.0000E+00  0.0000E+00  0.0000E+00
  0.0000E+00  0.0000E+00  0.0000E+00  0.0000E+00
  0.0000E+00  0.0000E+00  0.0000E+00  0.0000E+00
  0.0000E+00  0.0000E+00  0.0000E+00  0.0000E+00
  0.0000E+00  0.0000E+00  0.0000E+00  0.0000E+00
  0.0000E+00  0.0000E+00  0.0000E+00  0.0000E+00
  0.0000E+00  0.0000E+00  0.0000E+00  0.0000E+00
  0.0000E+00  0.0000E+00  0.0000E+00  0.0000E+00
  0.0000E+00  0.0000E+00  0.0000E+00  0.0000E+00
  0.0000E+00  0.0000E+00  0.0000E+00  0.0000E+00
  0.0000E+00  0.0000E+00  0.0000E+00  0.0000E+00
  0.0000E+00  0.0000E+00  0.0000E+00  0.0000E+00
  0.0000E+00  0.0000E+00  0.0000E+00  0.0000E+00
  0.0000E+00  0.0000E+00  0.0000E+00  0.0000E+00
  0.0000E+00  0.0000E+00  0.0000E+00  0.0000E+00
  0.0000E+00  0.0000E+00  0.0000E+00  0.0000E+00
  0.0000E+00  0.0000E+00  0.0000E+00  0.0000E+00
  0.0000E+00  0.0000E+00  0.0000E+00  0.0000E+00

 C2    He    Excitation    19.82 eV                              
 Inverse rate coefficient (m3/s)
  4.4302E-15  3.9722E-15  3.8624E-15  3.8158E-15
  3.4855E-15  3.8312E-15  3.9291E-15  3.9643E-15
  2.5367E-15  3.5058E-15  3.5841E-15  3.6471E-15
  1.9917E-15  3.3910E-15  3.4736E-15  3.5341E-15
  1.6480E-15  3.3015E-15  3.3907E-15  3.4465E-15
  1.4287E-15  3.2242E-15  3.3188E-15  3.3686E-15
  1.2809E-15  3.1537E-15  3.2533E-15  3.2963E-15
  1.1723E-15  3.0895E-15  3.1927E-15  3.2283E-15
  1.0867E-15  3.0299E-15  3.1364E-15  3.1636E-15
  1.0145E-15  2.9739E-15  3.0831E-15  3.1020E-15
  9.5159E-16  2.9212E-15  3.0324E-15  3.0429E-15
  8.9395E-16  2.8719E-15  2.9844E-15  2.9861E-15
  8.3979E-16  2.8249E-15  2.9387E-15  2.9313E-15
  7.8787E-16  2.7801E-15  2.8950E-15  2.8784E-15
  7.3776E-16  2.7373E-15  2.8530E-15  2.8273E-15
  6.8973E-16  2.6967E-15  2.8127E-15  2.7777E-15
  6.4457E-16  2.6576E-15  2.7740E-15  2.7298E-15
  6.0319E-16  2.6201E-15  2.7367E-15  2.6834E-15
  5.6629E-16  2.5840E-15  2.7008E-15  2.6385E-15
  5.3414E-16  2.5490E-15  2.6659E-15  2.5950E-15
  5.0659E-16  2.5153E-15  2.6320E-15  2.5527E-15
  4.8326E-16  2.4831E-15  2.5993E-15  2.5120E-15
  4.6361E-16  2.4518E-15  2.5678E-15  2.4722E-15
  4.4709E-16  2.4218E-15  2.5372E-15  2.4342E-15
  4.3318E-16  2.3925E-15  2.5074E-15  2.3970E-15
  4.2143E-16  2.3641E-15  2.4787E-15  2.3612E-15
  4.1145E-16  2.3364E-15  2.4507E-15  2.3264E-15
  4.0294E-16  2.3097E-15  2.4232E-15  2.2925E-15
  3.9563E-16  2.2838E-15  2.3965E-15  2.2606E-15
  3.8932E-16  2.2586E-15  2.3707E-15  2.2289E-15
  3.8384E-16  2.2341E-15  2.3456E-15  2.1987E-15
  3.7905E-16  2.2104E-15  2.3210E-15  2.1690E-15
  3.7485E-16  2.1873E-15  2.2971E-15  2.1410E-15
  3.7114E-16  2.1649E-15  2.2739E-15  2.1131E-15
  3.6785E-16  2.1430E-15  2.2512E-15  2.0865E-15
  3.6491E-16  2.1216E-15  2.2293E-15  2.0604E-15
  3.6229E-16  2.1008E-15  2.2077E-15  2.0359E-15
  3.5993E-16  2.0805E-15  2.1865E-15  2.0114E-15
  3.5781E-16  2.0609E-15  2.1660E-15  1.9880E-15
  3.5588E-16  2.0415E-15  2.1458E-15  1.9653E-15
  3.5413E-16  2.0227E-15  2.1262E-15  1.9433E-15
  3.5254E-16  2.0045E-15  2.1072E-15  1.9218E-15
  3.5108E-16  1.9867E-15  2.0885E-15  1.9012E-15
  3.4975E-16  1.9692E-15  2.0701E-15  1.8815E-15
  3.4852E-16  1.9523E-15  2.0524E-15  1.8617E-15
  3.4739E-16  1.9355E-15  2.0349E-15  1.8424E-15
  3.4635E-16  1.9194E-15  2.0178E-15  1.8239E-15
  3.4538E-16  1.9035E-15  2.0012E-15  1.8063E-15
  3.4449E-16  1.8878E-15  1.9848E-15  1.7896E-15
  3.4365E-16  1.8725E-15  1.9690E-15  1.7727E-15
  3.4288E-16  1.8578E-15  1.9533E-15  1.7560E-15
  3.4216E-16  1.8433E-15  1.9379E-15  1.7399E-15
  3.4148E-16  1.8291E-15  1.9228E-15  1.7238E-15
  3.4085E-16  1.8152E-15  1.9081E-15  1.7088E-15
  3.4026E-16  1.8017E-15  1.8939E-15  1.6947E-15
  3.3970E-16  1.7885E-15  1.8799E-15  1.6806E-15
  3.3918E-16  1.7754E-15  1.8660E-15  1.6666E-15
  3.3869E-16  1.7626E-15  1.8526E-15  1.6531E-15
  3.3823E-16  1.7500E-15  1.8394E-15  1.6395E-15
  3.3779E-16  1.7378E-15  1.8264E-15  1.6265E-15

 C3    He    Ionization    24.59 eV                              
 Inverse rate coefficient (m3/s)
  0.0000E+00  0.0000E+00  0.0000E+00  0.0000E+00
  0.0000E+00  0.0000E+00  0.0000E+00  0.0000E+00
  0.0000E+00  0.0000E+00  0.0000E+00  0.0000E+00
  0.0000E+00  0.0000E+00  0.0000E+00  0.0000E+00
  0.0000E+00  0.0000E+00  0.0000E+00  0.0000E+00
  0.0000E+00  0.0000E+00  0.0000E+00  0.0000E+00
  0.0000E+00  0.0000E+00  0.0000E+00  0.0000E+00
  0.0000E+00  0.0000E+00  0.0000E+00  0.0000E+00
  0.0000E+00  0.0000E+00  0.0000E+00  0.0000E+00
  0.0000E+00  0.0000E+00  0.0000E+00  0.0000E+00
  0.0000E+00  0.0000E+00  0.0000E+00  0.0000E+00
  0.0000E+00  0.0000E+00  0.0000E+00  0.0000E+00
  0.0000E+00  0.0000E+00  0.0000E+00  0.0000E+00
  0.0000E+00  0.0000E+00  0.0000E+00  0.0000E+00
  0.0000E+00  0.0000E+00  0.0000E+00  0.0000E+00
  0.0000E+00  0.0000E+00  0.0000E+00  0.0000E+00
  0.0000E+00  0.0000E+00  0.0000E+00  0.0000E+00
  0.0000E+00  0.0000E+00  0.0000E+00  0.0000E+00
  0.0000E+00  0.0000E+00  0.0000E+00  0.0000E+00
  0.0000E+00  0.0000E+00  0.0000E+00  0.0000E+00
  0.0000E+00  0.0000E+00  0.0000E+00  0.0000E+00
  0.0000E+00  0.0000E+00  0.0000E+00  0.0000E+00
  0.0000E+00  0.0000E+00  0.0000E+00  0.0000E+00
  0.0000E+00  0.0000E+00  0.0000E+00  0.0000E+00
  0.0000E+00  0.0000E+00  0.0000E+00  0.0000E+00
  0.0000E+00  0.0000E+00  0.0000E+00  0.0000E+00
  0.0000E+00  0.0000E+00  0.0000E+00  0.0000E+00
  0.0000E+00  0.0000E+00  0.0000E+00  0.0000E+00
  0.0000E+00  0.0000E+00  0.0000E+00  0.0000E+00
  0.0000E+00  0.0000E+00  0.0000E+00  0.0000E+00
  0.0000E+00  0.0000E+00  0.0000E+00  0.0000E+00
  0.0000E+00  0.0000E+00  0.0000E+00  0.0000E+00
  0.0000E+00  0.0000E+00  0.0000E+00  0.0000E+00
  0.0000E+00  0.0000E+00  0.0000E+00  0.0000E+00
  0.0000E+00  0.0000E+00  0.0000E+00  0.0000E+00
  0.0000E+00  0.0000E+00  0.0000E+00  0.0000E+00
  0.0000E+00  0.0000E+00  0.0000E+00  0.0000E+00
  0.0000E+00  0.0000E+00  0.0000E+00  0.0000E+00
  0.0000E+00  0.0000E+00  0.0000E+00  0.0000E+00
  0.0000E+00  0.0000E+00  0.0000E+00  0.0000E+00
  0.0000E+00  0.0000E+00  0.0000E+00  0.0000E+00
  0.0000E+00  0.0000E+00  0.0000E+00  0.0000E+00
  0.0000E+00  0.0000E+00  0.0000E+00  0.0000E+00
  0.0000E+00  0.0000E+00  0.0000E+00  0.0000E+00
  0.0000E+00  0.0000E+00  0.0000E+00  0.0000E+00
  0.0000E+00  0.0000E+00  0.0000E+00  0.0000E+00
  0.0000E+00  0.0000E+00  0.0000E+00  0.0000E+00
  0.0000E+00  0.0000E+00  0.0000E+00  0.0000E+00
  0.0000E+00  0.0000E+00  0.0000E+00  0.0000E+00
  0.0000E+00  0.0000E+00  0.0000E+00  0.0000E+00
  0.0000E+00  0.0000E+00  0.0000E+00  0.0000E+00
  0.0000E+00  0.0000E+00  0.0000E+00  0.0000E+00
  0.0000E+00  0.0000E+00  0.0000E+00  0.0000E+00
  0.0000E+00  0.0000E+00  0.0000E+00  0.0000E+00
  0.0000E+00  0.0000E+00  0.0000E+00  0.0000E+00
  0.0000E+00  0.0000E+00  0.0000E+00  0.0000E+00
  0.0000E+00  0.0000E+00  0.0000E+00  0.0000E+00
  0.0000E+00  0.0000E+00  0.0000E+00  0.0000E+00
  0.0000E+00  0.0000E+00  0.0000E+00  0.0000E+00
  0.0000E+00  0.0000E+00  0.0000E+00  0.0000E+00

 C4    N2    Effective (momentum)                                
 Inverse rate coefficient (m3/s)
  0.0000E+00  0.0000E+00  0.0000E+00  0.0000E+00
  0.0000E+00  0.0000E+00  0.0000E+00  0.0000E+00
  0.0000E+00  0.0000E+00  0.0000E+00  0.0000E+00
  0.0000E+00  0.0000E+00  0.0000E+00  0.0000E+00
  0.0000E+00  0.0000E+00  0.0000E+00  0.0000E+00
  0.0000E+00  0.0000E+00  0.0000E+00  0.0000E+00
  0.0000E+00  0.0000E+00  0.0000E+00  0.0000E+00
  0.0000E+00  0.0000E+00  0.0000E+00  0.0000E+00
  0.0000E+00  0.0000E+00  0.0000E+00  0.0000E+00
  0.0000E+00  0.0000E+00  0.0000E+00  0.0000E+00
  0.0000E+00  0.0000E+00  0.0000E+00  0.0000E+00
  0.0000E+00  0.0000E+00  0.0000E+00  0.0000E+00
  0.0000E+00  0.0000E+00  0.0000E+00  0.0000E+00
  0.0000E+00  0.0000E+00  0.0000E+00  0.0000E+00
  0.0000E+00  0.0000E+00  0.0000E+00  0.0000E+00
  0.0000E+00  0.0000E+00  0.0000E+00  0.0000E+00
  0.0000E+00  0.0000E+00  0.0000E+00  0.0000E+00
  0.0000E+00  0.0000E+00  0.0000E+00  0.0000E+00
  0.0000E+00  0.0000E+00  0.0000E+00  0.0000E+00
  0.0000E+00  0.0000E+00  0.0000E+00  0.0000E+00
  0.0000E+00  0.0000E+00  0.0000E+00  0.0000E+00
  0.0000E+00  0.0000E+00  0.0000E+00  0.0000E+00
  0.0000E+00  0.0000E+00  0.0000E+00  0.0000E+00
  0.0000E+00  0.0000E+00  0.0000E+00  0.0000E+00
  0.0000E+00  0.0000E+00  0.0000E+00  0.0000E+00
  0.0000E+00  0.0000E+00  0.0000E+00  0.0000E+00
  0.0000E+00  0.0000E+00  0.0000E+00  0.0000E+00
  0.0000E+00  0.0000E+00  0.0000E+00  0.0000E+00
  0.0000E+00  0.0000E+00  0.0000E+00  0.0000E+00
  0.0000E+00  0.0000E+00  0.0000E+00  0.0000E+00
  0.0000E+00  0.0000E+00  0.0000E+00  0.0000E+00
  0.0000E+00  0.0000E+00  0.0000E+00  0.0000E+00
  0.0000E+00  0.0000E+00  0.0000E+00  0.0000E+00
  0.0000E+00  0.0000E+00  0.0000E+00  0.0000E+00
  0.0000E+00  0.0000E+00  0.0000E+00  0.0000E+00
  0.0000E+00  0.0000E+00  0.0000E+00  0.0000E+00
  0.0000E+00  0.0000E+00  0.0000E+00  0.0000E+00
  0.0000E+00  0.0000E+00  0.0000E+00  0.0000E+00
  0.0000E+00  0.0000E+00  0.0000E+00  0.0000E+00
  0.0000E+00  0.0000E+00  0.0000E+00  0.0000E+00
  0.0000E+00  0.0000E+00  0.0000E+00  0.0000E+00
  0.0000E+00  0.0000E+00  0.0000E+00  0.0000E+00
  0.0000E+00  0.0000E+00  0.0000E+00  0.0000E+00
  0.0000E+00  0.0000E+00  0.0000E+00  0.0000E+00
  0.0000E+00  0.0000E+00  0.0000E+00  0.0000E+00
  0.0000E+00  0.0000E+00  0.0000E+00  0.0000E+00
  0.0000E+00  0.0000E+00  0.0000E+00  0.0000E+00
  0.0000E+00  0.0000E+00  0.0000E+00  0.0000E+00
  0.0000E+00  0.0000E+00  0.0000E+00  0.0000E+00
  0.0000E+00  0.0000E+00  0.0000E+00  0.0000E+00
  0.0000E+00  0.0000E+00  0.0000E+00  0.0000E+00
  0.0000E+00  0.0000E+00  0.0000E+00  0.0000E+00
  0.0000E+00  0.0000E+00  0.0000E+00  0.0000E+00
  0.0000E+00  0.0000E+00  0.0000E+00  0.0000E+00
  0.0000E+00  0.0000E+00  0.0000E+00  0.0000E+00
  0.0000E+00  0.0000E+00  0.0000E+00  0.0000E+00
  0.0000E+00  0.0000E+00  0.0000E+00  0.0000E+00
  0.0000E+00  0.0000E+00  0.0000E+00  0.0000E+00
  0.0000E+00  0.0000E+00  0.0000E+00  0.0000E+00
  0.0000E+00  0.0000E+00  0.0000E+00  0.0000E+00

 C5    O2    Effective (momentum)                                
 Inverse rate coefficient (m3/s)
  0.0000E+00  0.0000E+00  0.0000E+00  0.0000E+00
  0.0000E+00  0.0000E+00  0.0000E+00  0.0000E+00
  0.0000E+00  0.0000E+00  0.0000E+00  0.0000E+00
  0.0000E+00  0.0000E+00  0.0000E+00  0.0000E+00
  0.0000E+00  0.0000E+00  0.0000E+00  0.0000E+00
  0.0000E+00  0.0000E+00  0.0000E+00  0.0000E+00
  0.0000E+00  0.0000E+00  0.0000E+00  0.0000E+00
  0.0000E+00  0.0000E+00  0.0000E+00  0.0000E+00
  0.0000E+00  0.0000E+00  0.0000E+00  0.0000E+00
  0.0000E+00  0.0000E+00  0.0000E+00  0.0000E+00
  0.0000E+00  0.0000E+00  0.0000E+00  0.0000E+00
  0.0000E+00  0.0000E+00  0.0000E+00  0.0000E+00
  0.0000E+00  0.0000E+00  0.0000E+00  0.0000E+00
  0.0000E+00  0.0000E+00  0.0000E+00  0.0000E+00
  0.0000E+00  0.0000E+00  0.0000E+00  0.0000E+00
  0.0000E+00  0.0000E+00  0.0000E+00  0.0000E+00
  0.0000E+00  0.0000E+00  0.0000E+00  0.0000E+00
  0.0000E+00  0.0000E+00  0.0000E+00  0.0000E+00
  0.0000E+00  0.0000E+00  0.0000E+00  0.0000E+00
  0.0000E+00  0.0000E+00  0.0000E+00  0.0000E+00
  0.0000E+00  0.0000E+00  0.0000E+00  0.0000E+00
  0.0000E+00  0.0000E+00  0.0000E+00  0.0000E+00
  0.0000E+00  0.0000E+00  0.0000E+00  0.0000E+00
  0.0000E+00  0.0000E+00  0.0000E+00  0.0000E+00
  0.0000E+00  0.0000E+00  0.0000E+00  0.0000E+00
  0.0000E+00  0.0000E+00  0.0000E+00  0.0000E+00
  0.0000E+00  0.0000E+00  0.0000E+00  0.0000E+00
  0.0000E+00  0.0000E+00  0.0000E+00  0.0000E+00
  0.0000E+00  0.0000E+00  0.0000E+00  0.0000E+00
  0.0000E+00  0.0000E+00  0.0000E+00  0.0000E+00
  0.0000E+00  0.0000E+00  0.0000E+00  0.0000E+00
  0.0000E+00  0.0000E+00  0.0000E+00  0.0000E+00
  0.0000E+00  0.0000E+00  0.0000E+00  0.0000E+00
  0.0000E+00  0.0000E+00  0.0000E+00  0.0000E+00
  0.0000E+00  0.0000E+00  0.0000E+00  0.0000E+00
  0.0000E+00  0.0000E+00  0.0000E+00  0.0000E+00
  0.0000E+00  0.0000E+00  0.0000E+00  0.0000E+00
  0.0000E+00  0.0000E+00  0.0000E+00  0.0000E+00
  0.0000E+00  0.0000E+00  0.0000E+00  0.0000E+00
  0.0000E+00  0.0000E+00  0.0000E+00  0.0000E+00
  0.0000E+00  0.0000E+00  0.0000E+00  0.0000E+00
  0.0000E+00  0.0000E+00  0.0000E+00  0.0000E+00
  0.0000E+00  0.0000E+00  0.0000E+00  0.0000E+00
  0.0000E+00  0.0000E+00  0.0000E+00  0.0000E+00
  0.0000E+00  0.0000E+00  0.0000E+00  0.0000E+00
  0.0000E+00  0.0000E+00  0.0000E+00  0.0000E+00
  0.0000E+00  0.0000E+00  0.0000E+00  0.0000E+00
  0.0000E+00  0.0000E+00  0.0000E+00  0.0000E+00
  0.0000E+00  0.0000E+00  0.0000E+00  0.0000E+00
  0.0000E+00  0.0000E+00  0.0000E+00  0.0000E+00
  0.0000E+00  0.0000E+00  0.0000E+00  0.0000E+00
  0.0000E+00  0.0000E+00  0.0000E+00  0.0000E+00
  0.0000E+00  0.0000E+00  0.0000E+00  0.0000E+00
  0.0000E+00  0.0000E+00  0.0000E+00  0.0000E+00
  0.0000E+00  0.0000E+00  0.0000E+00  0.0000E+00
  0.0000E+00  0.0000E+00  0.0000E+00  0.0000E+00
  0.0000E+00  0.0000E+00  0.0000E+00  0.0000E+00
  0.0000E+00  0.0000E+00  0.0000E+00  0.0000E+00
  0.0000E+00  0.0000E+00  0.0000E+00  0.0000E+00
  0.0000E+00  0.0000E+00  0.0000E+00  0.0000E+00
