BOLSIG+ version: 07/2024
Collision input data:
--------------------------------------------------
He                                                              
crossSections.txt
--------------------------------------------------
N2                                                              
crossSections.txt
--------------------------------------------------
O2                                                              
crossSections.txt



 Conditions
A1     Electric field / N (Td)                                         
A2     Angular frequency / N (m3.rad/s)           0.00000    
A3     Cosine of E-B field angle                  0.00000    
A4     Gas temperature (K)                        300.000    
A5     Excitation temperature (K)                 300.000    
A6     Transition energy (eV)                     0.00000    
A7     Ionization degree                          0.00000    
A8     Gas particle density (1/m3)               0.244631E+26
A9     Ion charge parameter                      -1.00000    
A10    Ion/neutral mass ratio                     1.00000    
A11    Coulomb collision model                    0.00000    
A12    Energy sharing                             1.00000    
A13    Growth model                               1.00000    
A14    Maxwellian mean energy (eV)                0.00000    
A15    # of grid points                           100.000    
A16    Grid type                                  0.00000    
A17    Maximum energy                             200.000    
A18    Precision                                 0.100000E-09
A19    Convergence                               0.100000E-04
A20    Maximum # of iterations                    100.000    
A21    Mole fraction He                        
A22    Mole fraction N2                        
A23    Mole fraction O2                        
            R#      A1           A21           A22           A23      
           1  0.100000E-01   0.00000      0.800000      0.200000    
           2   8.48441       0.00000      0.800000      0.200000    
           3   16.9588       0.00000      0.800000      0.200000    
           4   25.4332       0.00000      0.800000      0.200000    
           5   33.9076       0.00000      0.800000      0.200000    
           6   42.3820       0.00000      0.800000      0.200000    
           7   50.8564       0.00000      0.800000      0.200000    
           8   59.3308       0.00000      0.800000      0.200000    
           9   67.8053       0.00000      0.800000      0.200000    
          10   76.2797       0.00000      0.800000      0.200000    
          11   84.7541       0.00000      0.800000      0.200000    
          12   93.2285       0.00000      0.800000      0.200000    
          13   101.703       0.00000      0.800000      0.200000    
          14   110.177       0.00000      0.800000      0.200000    
          15   118.652       0.00000      0.800000      0.200000    
          16   127.126       0.00000      0.800000      0.200000    
          17   135.601       0.00000      0.800000      0.200000    
          18   144.075       0.00000      0.800000      0.200000    
          19   152.549       0.00000      0.800000      0.200000    
          20   161.024       0.00000      0.800000      0.200000    
          21   169.498       0.00000      0.800000      0.200000    
          22   177.973       0.00000      0.800000      0.200000    
          23   186.447       0.00000      0.800000      0.200000    
          24   194.921       0.00000      0.800000      0.200000    
          25   203.396       0.00000      0.800000      0.200000    
          26   211.870       0.00000      0.800000      0.200000    
          27   220.345       0.00000      0.800000      0.200000    
          28   228.819       0.00000      0.800000      0.200000    
          29   237.293       0.00000      0.800000      0.200000    
          30   245.768       0.00000      0.800000      0.200000    
          31   254.242       0.00000      0.800000      0.200000    
          32   262.717       0.00000      0.800000      0.200000    
          33   271.191       0.00000      0.800000      0.200000    
          34   279.665       0.00000      0.800000      0.200000    
          35   288.140       0.00000      0.800000      0.200000    
          36   296.614       0.00000      0.800000      0.200000    
          37   305.089       0.00000      0.800000      0.200000    
          38   313.563       0.00000      0.800000      0.200000    
          39   322.037       0.00000      0.800000      0.200000    
          40   330.512       0.00000      0.800000      0.200000    
          41   338.986       0.00000      0.800000      0.200000    
          42   347.461       0.00000      0.800000      0.200000    
          43   355.935       0.00000      0.800000      0.200000    
          44   364.410       0.00000      0.800000      0.200000    
          45   372.884       0.00000      0.800000      0.200000    
          46   381.358       0.00000      0.800000      0.200000    
          47   389.833       0.00000      0.800000      0.200000    
          48   398.307       0.00000      0.800000      0.200000    
          49   406.782       0.00000      0.800000      0.200000    
          50   415.256       0.00000      0.800000      0.200000    
          51   423.730       0.00000      0.800000      0.200000    
          52   432.205       0.00000      0.800000      0.200000    
          53   440.679       0.00000      0.800000      0.200000    
          54   449.154       0.00000      0.800000      0.200000    
          55   457.628       0.00000      0.800000      0.200000    
          56   466.102       0.00000      0.800000      0.200000    
          57   474.577       0.00000      0.800000      0.200000    
          58   483.051       0.00000      0.800000      0.200000    
          59   491.526       0.00000      0.800000      0.200000    
          60   500.000       0.00000      0.800000      0.200000    
          61  0.100000E-01  0.333333      0.533333      0.133333    
          62   8.48441      0.333333      0.533333      0.133333    
          63   16.9588      0.333333      0.533333      0.133333    
          64   25.4332      0.333333      0.533333      0.133333    
          65   33.9076      0.333333      0.533333      0.133333    
          66   42.3820      0.333333      0.533333      0.133333    
          67   50.8564      0.333333      0.533333      0.133333    
          68   59.3308      0.333333      0.533333      0.133333    
          69   67.8053      0.333333      0.533333      0.133333    
          70   76.2797      0.333333      0.533333      0.133333    
          71   84.7541      0.333333      0.533333      0.133333    
          72   93.2285      0.333333      0.533333      0.133333    
          73   101.703      0.333333      0.533333      0.133333    
          74   110.177      0.333333      0.533333      0.133333    
          75   118.652      0.333333      0.533333      0.133333    
          76   127.126      0.333333      0.533333      0.133333    
          77   135.601      0.333333      0.533333      0.133333    
          78   144.075      0.333333      0.533333      0.133333    
          79   152.549      0.333333      0.533333      0.133333    
          80   161.024      0.333333      0.533333      0.133333    
          81   169.498      0.333333      0.533333      0.133333    
          82   177.973      0.333333      0.533333      0.133333    
          83   186.447      0.333333      0.533333      0.133333    
          84   194.921      0.333333      0.533333      0.133333    
          85   203.396      0.333333      0.533333      0.133333    
          86   211.870      0.333333      0.533333      0.133333    
          87   220.345      0.333333      0.533333      0.133333    
          88   228.819      0.333333      0.533333      0.133333    
          89   237.293      0.333333      0.533333      0.133333    
          90   245.768      0.333333      0.533333      0.133333    
          91   254.242      0.333333      0.533333      0.133333    
          92   262.717      0.333333      0.533333      0.133333    
          93   271.191      0.333333      0.533333      0.133333    
          94   279.665      0.333333      0.533333      0.133333    
          95   288.140      0.333333      0.533333      0.133333    
          96   296.614      0.333333      0.533333      0.133333    
          97   305.089      0.333333      0.533333      0.133333    
          98   313.563      0.333333      0.533333      0.133333    
          99   322.037      0.333333      0.533333      0.133333    
         100   330.512      0.333333      0.533333      0.133333    
         101   338.986      0.333333      0.533333      0.133333    
         102   347.461      0.333333      0.533333      0.133333    
         103   355.935      0.333333      0.533333      0.133333    
         104   364.410      0.333333      0.533333      0.133333    
         105   372.884      0.333333      0.533333      0.133333    
         106   381.358      0.333333      0.533333      0.133333    
         107   389.833      0.333333      0.533333      0.133333    
         108   398.307      0.333333      0.533333      0.133333    
         109   406.782      0.333333      0.533333      0.133333    
         110   415.256      0.333333      0.533333      0.133333    
         111   423.730      0.333333      0.533333      0.133333    
         112   432.205      0.333333      0.533333      0.133333    
         113   440.679      0.333333      0.533333      0.133333    
         114   449.154      0.333333      0.533333      0.133333    
         115   457.628      0.333333      0.533333      0.133333    
         116   466.102      0.333333      0.533333      0.133333    
         117   474.577      0.333333      0.533333      0.133333    
         118   483.051      0.333333      0.533333      0.133333    
         119   491.526      0.333333      0.533333      0.133333    
         120   500.000      0.333333      0.533333      0.133333    
         121  0.100000E-01  0.666667      0.266667      0.666667E-01
         122   8.48441      0.666667      0.266667      0.666667E-01
         123   16.9588      0.666667      0.266667      0.666667E-01
         124   25.4332      0.666667      0.266667      0.666667E-01
         125   33.9076      0.666667      0.266667      0.666667E-01
         126   42.3820      0.666667      0.266667      0.666667E-01
         127   50.8564      0.666667      0.266667      0.666667E-01
         128   59.3308      0.666667      0.266667      0.666667E-01
         129   67.8053      0.666667      0.266667      0.666667E-01
         130   76.2797      0.666667      0.266667      0.666667E-01
         131   84.7541      0.666667      0.266667      0.666667E-01
         132   93.2285      0.666667      0.266667      0.666667E-01
         133   101.703      0.666667      0.266667      0.666667E-01
         134   110.177      0.666667      0.266667      0.666667E-01
         135   118.652      0.666667      0.266667      0.666667E-01
         136   127.126      0.666667      0.266667      0.666667E-01
         137   135.601      0.666667      0.266667      0.666667E-01
         138   144.075      0.666667      0.266667      0.666667E-01
         139   152.549      0.666667      0.266667      0.666667E-01
         140   161.024      0.666667      0.266667      0.666667E-01
         141   169.498      0.666667      0.266667      0.666667E-01
         142   177.973      0.666667      0.266667      0.666667E-01
         143   186.447      0.666667      0.266667      0.666667E-01
         144   194.921      0.666667      0.266667      0.666667E-01
         145   203.396      0.666667      0.266667      0.666667E-01
         146   211.870      0.666667      0.266667      0.666667E-01
         147   220.345      0.666667      0.266667      0.666667E-01
         148   228.819      0.666667      0.266667      0.666667E-01
         149   237.293      0.666667      0.266667      0.666667E-01
         150   245.768      0.666667      0.266667      0.666667E-01
         151   254.242      0.666667      0.266667      0.666667E-01
         152   262.717      0.666667      0.266667      0.666667E-01
         153   271.191      0.666667      0.266667      0.666667E-01
         154   279.665      0.666667      0.266667      0.666667E-01
         155   288.140      0.666667      0.266667      0.666667E-01
         156   296.614      0.666667      0.266667      0.666667E-01
         157   305.089      0.666667      0.266667      0.666667E-01
         158   313.563      0.666667      0.266667      0.666667E-01
         159   322.037      0.666667      0.266667      0.666667E-01
         160   330.512      0.666667      0.266667      0.666667E-01
         161   338.986      0.666667      0.266667      0.666667E-01
         162   347.461      0.666667      0.266667      0.666667E-01
         163   355.935      0.666667      0.266667      0.666667E-01
         164   364.410      0.666667      0.266667      0.666667E-01
         165   372.884      0.666667      0.266667      0.666667E-01
         166   381.358      0.666667      0.266667      0.666667E-01
         167   389.833      0.666667      0.266667      0.666667E-01
         168   398.307      0.666667      0.266667      0.666667E-01
         169   406.782      0.666667      0.266667      0.666667E-01
         170   415.256      0.666667      0.266667      0.666667E-01
         171   423.730      0.666667      0.266667      0.666667E-01
         172   432.205      0.666667      0.266667      0.666667E-01
         173   440.679      0.666667      0.266667      0.666667E-01
         174   449.154      0.666667      0.266667      0.666667E-01
         175   457.628      0.666667      0.266667      0.666667E-01
         176   466.102      0.666667      0.266667      0.666667E-01
         177   474.577      0.666667      0.266667      0.666667E-01
         178   483.051      0.666667      0.266667      0.666667E-01
         179   491.526      0.666667      0.266667      0.666667E-01
         180   500.000      0.666667      0.266667      0.666667E-01
         181  0.100000E-01   1.00000       0.00000       0.00000    
         182   8.48441       1.00000       0.00000       0.00000    
         183   16.9588       1.00000       0.00000       0.00000    
         184   25.4332       1.00000       0.00000       0.00000    
         185   33.9076       1.00000       0.00000       0.00000    
         186   42.3820       1.00000       0.00000       0.00000    
         187   50.8564       1.00000       0.00000       0.00000    
         188   59.3308       1.00000       0.00000       0.00000    
         189   67.8053       1.00000       0.00000       0.00000    
         190   76.2797       1.00000       0.00000       0.00000    
         191   84.7541       1.00000       0.00000       0.00000    
         192   93.2285       1.00000       0.00000       0.00000    
         193   101.703       1.00000       0.00000       0.00000    
         194   110.177       1.00000       0.00000       0.00000    
         195   118.652       1.00000       0.00000       0.00000    
         196   127.126       1.00000       0.00000       0.00000    
         197   135.601       1.00000       0.00000       0.00000    
         198   144.075       1.00000       0.00000       0.00000    
         199   152.549       1.00000       0.00000       0.00000    
         200   161.024       1.00000       0.00000       0.00000    
         201   169.498       1.00000       0.00000       0.00000    
         202   177.973       1.00000       0.00000       0.00000    
         203   186.447       1.00000       0.00000       0.00000    
         204   194.921       1.00000       0.00000       0.00000    
         205   203.396       1.00000       0.00000       0.00000    
         206   211.870       1.00000       0.00000       0.00000    
         207   220.345       1.00000       0.00000       0.00000    
         208   228.819       1.00000       0.00000       0.00000    
         209   237.293       1.00000       0.00000       0.00000    
         210   245.768       1.00000       0.00000       0.00000    
         211   254.242       1.00000       0.00000       0.00000    
         212   262.717       1.00000       0.00000       0.00000    
         213   271.191       1.00000       0.00000       0.00000    
         214   279.665       1.00000       0.00000       0.00000    
         215   288.140       1.00000       0.00000       0.00000    
         216   296.614       1.00000       0.00000       0.00000    
         217   305.089       1.00000       0.00000       0.00000    
         218   313.563       1.00000       0.00000       0.00000    
         219   322.037       1.00000       0.00000       0.00000    
         220   330.512       1.00000       0.00000       0.00000    
         221   338.986       1.00000       0.00000       0.00000    
         222   347.461       1.00000       0.00000       0.00000    
         223   355.935       1.00000       0.00000       0.00000    
         224   364.410       1.00000       0.00000       0.00000    
         225   372.884       1.00000       0.00000       0.00000    
         226   381.358       1.00000       0.00000       0.00000    
         227   389.833       1.00000       0.00000       0.00000    
         228   398.307       1.00000       0.00000       0.00000    
         229   406.782       1.00000       0.00000       0.00000    
         230   415.256       1.00000       0.00000       0.00000    
         231   423.730       1.00000       0.00000       0.00000    
         232   432.205       1.00000       0.00000       0.00000    
         233   440.679       1.00000       0.00000       0.00000    
         234   449.154       1.00000       0.00000       0.00000    
         235   457.628       1.00000       0.00000       0.00000    
         236   466.102       1.00000       0.00000       0.00000    
         237   474.577       1.00000       0.00000       0.00000    
         238   483.051       1.00000       0.00000       0.00000    
         239   491.526       1.00000       0.00000       0.00000    
         240   500.000       1.00000       0.00000       0.00000    


 Transport coefficients
A1     Mean energy (eV)                                                
A2     Mobility *N (1/m/V/s)                                           
A6     Diffusion coefficient *N (1/m/s)                                
A11    Energy mobility *N (1/m/V/s)                                    
A12    Energy diffusion coef. *N (1/m/s)                               
A13    Total collision freq. /N (m3/s)                                 
A14    Momentum frequency /N (m3/s)                                    
A16    Total ionization freq. /N (m3/s)                                
A18    Townsend ioniz. coef. alpha/N (m2)                              
A20    Power /N (eV m3/s)                                              
A21    Elastic power loss /N (eV m3/s)                                 
A22    Inelastic power loss /N (eV m3/s)                               
A23    Growth power /N (eV m3/s)                                       
A27    Maximum energy                                                  
A28    # of iterations                                                 
A29    # of grid trials                                                
A30    Error code                                                      
            R#      E/N (Td)      A1            A2            A6           A11           A12           A13           A14           A16           A18           A20           A21           A22           A23           A27           A28           A29           A30      
           1  0.100000E-01  0.523274E-01  0.261923E+26  0.113997E+25  0.340857E+26  0.117864E+25  0.520159E-14  0.671503E-14   0.00000       0.00000      0.261923E-20  0.262933E-20   0.00000       0.00000      0.734159       8.00000       2.00000       0.00000    
           2   8.48441       8.03572      0.843564E+24  0.509523E+25  0.129777E+25  0.635391E+25  0.171704E-12  0.208499E-12   0.00000       0.00000      0.607241E-16  0.607447E-16   0.00000       0.00000       71.2091       8.00000       2.00000       0.00000    
           3   16.9588       17.9013      0.635435E+24  0.825227E+25  0.986757E+24  0.105667E+26  0.230246E-12  0.276790E-12   0.00000       0.00000      0.182752E-15  0.182894E-15   0.00000       0.00000       199.965       8.00000       2.00000      -1.00000    
           4   25.4332       30.3171      0.554635E+24  0.118635E+26  0.876348E+24  0.161103E+26  0.271002E-12  0.317113E-12   0.00000       0.00000      0.358765E-15  0.359078E-15   0.00000       0.00000       384.957       8.00000       2.00000      -1.00000    
           5   33.9076       46.5665      0.517648E+24  0.166307E+26  0.828048E+24  0.237978E+26  0.299492E-12  0.339771E-12   0.00000       0.00000      0.595154E-15  0.595654E-15   0.00000       0.00000       667.449       7.00000       2.00000      -1.00000    
           6   42.3820       66.5668      0.495901E+24  0.224989E+26  0.799395E+24  0.332858E+26  0.319741E-12  0.354672E-12   0.00000       0.00000      0.890756E-15  0.891560E-15   0.00000       0.00000       1113.57       8.00000       2.00000      -1.00000    
           7   50.8564       90.7531      0.482851E+24  0.296465E+26  0.786763E+24  0.455575E+26  0.334534E-12  0.364257E-12   0.00000       0.00000      0.124883E-14  0.125000E-14   0.00000       0.00000       1853.69       8.00000       2.00000      -1.00000    
           8   59.3308       120.318      0.476664E+24  0.386334E+26  0.787740E+24  0.622380E+26  0.345219E-12  0.368985E-12   0.00000       0.00000      0.167793E-14  0.168011E-14   0.00000       0.00000       3453.59       12.0000       3.00000      -1.00000    
           9   67.8053       156.777      0.476068E+24  0.501933E+26  0.800274E+24  0.856753E+26  0.352407E-12  0.369447E-12   0.00000       0.00000      0.218875E-14  0.219167E-14   0.00000       0.00000       5305.27       12.0000       3.00000      -1.00000    
          10   76.2797       202.460      0.480512E+24  0.656028E+26  0.825160E+24  0.120671E+27  0.356541E-12  0.366030E-12   0.00000       0.00000      0.279590E-14  0.280115E-14   0.00000       0.00000       8978.07       12.0000       3.00000      -1.00000    
          11   84.7541       260.616      0.489817E+24  0.867594E+26  0.865044E+24  0.177307E+27  0.357786E-12  0.359077E-12   0.00000       0.00000      0.351848E-14  0.352317E-14   0.00000       0.00000       10000.0       8.00000       2.00000       1.00000    
          12   93.2285       337.167      0.504716E+24  0.117579E+27  0.924692E+24  0.275530E+27  0.356303E-12  0.348477E-12   0.00000       0.00000      0.438676E-14  0.439075E-14   0.00000       0.00000       10000.0       8.00000       2.00000       1.00000    
          13   101.703       440.585      0.525903E+24  0.164327E+27  0.100493E+25  0.445516E+27  0.352068E-12  0.334438E-12   0.00000       0.00000      0.543967E-14  0.544302E-14   0.00000       0.00000       10000.0       8.00000       2.00000       1.00000    
          14   110.177       581.713      0.553599E+24  0.235980E+27  0.109695E+25  0.716505E+27  0.345126E-12  0.317707E-12   0.00000       0.00000      0.672016E-14  0.672335E-14   0.00000       0.00000       10000.0       8.00000       2.00000       1.00000    
          15   118.652       770.939      0.586541E+24  0.342584E+27  0.118153E+25  0.109197E+28  0.335703E-12  0.299863E-12   0.00000       0.00000      0.825745E-14  0.826191E-14   0.00000       0.00000       10000.0       8.00000       2.00000       1.00000    
          16   127.126       1013.30      0.621494E+24  0.491312E+27  0.123889E+25  0.153809E+28  0.324292E-12  0.282999E-12   0.00000       0.00000      0.100440E-13  0.100527E-13   0.00000       0.00000       10000.0       8.00000       2.00000       1.00000    
          17   135.601       1304.48      0.653881E+24  0.682367E+27  0.125990E+25  0.200309E+28  0.311629E-12  0.268981E-12   0.00000       0.00000      0.120232E-13  0.120409E-13   0.00000       0.00000       10000.0       8.00000       2.00000       1.00000    
          18   144.075       1631.00      0.679319E+24  0.907962E+27  0.124723E+25  0.244413E+28  0.298549E-12  0.258909E-12   0.00000       0.00000      0.141010E-13  0.141334E-13   0.00000       0.00000       10000.0       8.00000       2.00000       1.00000    
          19   152.549       1974.61      0.694997E+24  0.115506E+28  0.120965E+25  0.283806E+28  0.285798E-12  0.253069E-12   0.00000       0.00000      0.161735E-13  0.162264E-13   0.00000       0.00000       10000.0       8.00000       2.00000       1.00000    
          20   161.024       2317.60      0.700130E+24  0.140963E+28  0.115654E+25  0.317811E+28  0.273909E-12  0.251213E-12   0.00000       0.00000      0.181534E-13  0.182318E-13   0.00000       0.00000       10000.0       8.00000       2.00000       1.00000    
          21   169.498       2646.35      0.695559E+24  0.165988E+28  0.109540E+25  0.346672E+28  0.263177E-12  0.252864E-12   0.00000       0.00000      0.199831E-13  0.200907E-13   0.00000       0.00000       10000.0       8.00000       2.00000       1.00000    
          22   177.973       2952.27      0.683027E+24  0.189762E+28  0.103140E+25  0.371014E+28  0.253701E-12  0.257504E-12   0.00000       0.00000      0.216343E-13  0.217732E-13   0.00000       0.00000       10000.0       8.00000       2.00000       1.00000    
          23   186.447       3231.22      0.664540E+24  0.211816E+28  0.967794E+24  0.391543E+28  0.245447E-12  0.264667E-12   0.00000       0.00000      0.231010E-13  0.232720E-13   0.00000       0.00000       10000.0       8.00000       2.00000       1.00000    
          24   194.921       3482.24      0.641972E+24  0.231951E+28  0.906492E+24  0.408917E+28  0.238312E-12  0.273971E-12   0.00000       0.00000      0.243913E-13  0.245943E-13   0.00000       0.00000       10000.0       8.00000       2.00000       1.00000    
          25   203.396       3706.32      0.616888E+24  0.250146E+28  0.848503E+24  0.423698E+28  0.232165E-12  0.285112E-12   0.00000       0.00000      0.255205E-13  0.257548E-13   0.00000       0.00000       10000.0       8.00000       2.00000       1.00000    
          26   211.870       3905.47      0.590501E+24  0.266490E+28  0.794281E+24  0.436351E+28  0.226869E-12  0.297852E-12   0.00000       0.00000      0.265070E-13  0.267711E-13   0.00000       0.00000       10000.0       8.00000       2.00000       1.00000    
          27   220.345       4082.19      0.563706E+24  0.281126E+28  0.743946E+24  0.447252E+28  0.222299E-12  0.312010E-12   0.00000       0.00000      0.273689E-13  0.276614E-13   0.00000       0.00000       10000.0       8.00000       2.00000       1.00000    
          28   228.819       4238.99      0.537134E+24  0.294218E+28  0.697422E+24  0.456703E+28  0.218342E-12  0.327445E-12   0.00000       0.00000      0.281233E-13  0.284426E-13   0.00000       0.00000       10000.0       8.00000       2.00000       1.00000    
          29   237.293       4378.32      0.511214E+24  0.305932E+28  0.654525E+24  0.464947E+28  0.214904E-12  0.344048E-12   0.00000       0.00000      0.287855E-13  0.291297E-13   0.00000       0.00000       10000.0       8.00000       2.00000       1.00000    
          30   245.768       4502.36      0.486221E+24  0.316428E+28  0.615020E+24  0.472181E+28  0.211902E-12  0.361733E-12   0.00000       0.00000      0.293686E-13  0.297361E-13   0.00000       0.00000       10000.0       8.00000       2.00000       1.00000    
          31   254.242       4613.09      0.462320E+24  0.325848E+28  0.578651E+24  0.478564E+28  0.209271E-12  0.380433E-12   0.00000       0.00000      0.298840E-13  0.302731E-13   0.00000       0.00000       10000.0       8.00000       2.00000       1.00000    
          32   262.717       4712.19      0.439599E+24  0.334322E+28  0.545160E+24  0.484224E+28  0.206953E-12  0.400096E-12   0.00000       0.00000      0.303411E-13  0.307504E-13   0.00000       0.00000       10000.0       8.00000       2.00000       1.00000    
          33   271.191       4801.17      0.418089E+24  0.341964E+28  0.514297E+24  0.489268E+28  0.204902E-12  0.420680E-12   0.00000       0.00000      0.307482E-13  0.311761E-13   0.00000       0.00000       10000.0       8.00000       2.00000       1.00000    
          34   279.665       4881.30      0.397788E+24  0.348873E+28  0.485831E+24  0.493782E+28  0.203080E-12  0.442151E-12   0.00000       0.00000      0.311121E-13  0.315573E-13   0.00000       0.00000       10000.0       8.00000       2.00000       1.00000    
          35   288.140       4953.67      0.378665E+24  0.355136E+28  0.459543E+24  0.497840E+28  0.201453E-12  0.464480E-12   0.00000       0.00000      0.314385E-13  0.318998E-13   0.00000       0.00000       10000.0       8.00000       2.00000       1.00000    
          36   296.614       5019.23      0.360676E+24  0.360829E+28  0.435238E+24  0.501502E+28  0.199997E-12  0.487645E-12   0.00000       0.00000      0.317323E-13  0.322086E-13   0.00000       0.00000       10000.0       8.00000       2.00000       1.00000    
          37   305.089       5078.79      0.343769E+24  0.366017E+28  0.412735E+24  0.504818E+28  0.198686E-12  0.511628E-12   0.00000       0.00000      0.319977E-13  0.324879E-13   0.00000       0.00000       10000.0       8.00000       2.00000       1.00000    
          38   313.563       5133.06      0.327885E+24  0.370756E+28  0.391872E+24  0.507831E+28  0.197503E-12  0.536413E-12   0.00000       0.00000      0.322383E-13  0.327414E-13   0.00000       0.00000       10000.0       8.00000       2.00000       1.00000    
          39   322.037       5182.63      0.312964E+24  0.375096E+28  0.372502E+24  0.510577E+28  0.196432E-12  0.561987E-12   0.00000       0.00000      0.324569E-13  0.329721E-13   0.00000       0.00000       10000.0       8.00000       2.00000       1.00000    
          40   330.512       5228.03      0.298946E+24  0.379080E+28  0.354492E+24  0.513088E+28  0.195459E-12  0.588340E-12   0.00000       0.00000      0.326563E-13  0.331827E-13   0.00000       0.00000       10000.0       8.00000       2.00000       1.00000    
          41   338.986       5269.71      0.285772E+24  0.382745E+28  0.337724E+24  0.515390E+28  0.194572E-12  0.615463E-12   0.00000       0.00000      0.328386E-13  0.333754E-13   0.00000       0.00000       10000.0       8.00000       2.00000       1.00000    
          42   347.461       5308.06      0.273386E+24  0.386125E+28  0.322090E+24  0.517507E+28  0.193761E-12  0.643346E-12   0.00000       0.00000      0.330056E-13  0.335523E-13   0.00000       0.00000       10000.0       8.00000       2.00000       1.00000    
          43   355.935       5343.44      0.261735E+24  0.389248E+28  0.307494E+24  0.519457E+28  0.193018E-12  0.671984E-12   0.00000       0.00000      0.331592E-13  0.337149E-13   0.00000       0.00000       10000.0       8.00000       2.00000       1.00000    
          44   364.410       5376.14      0.250769E+24  0.392140E+28  0.293848E+24  0.521259E+28  0.192335E-12  0.701372E-12   0.00000       0.00000      0.333006E-13  0.338649E-13   0.00000       0.00000       10000.0       8.00000       2.00000       1.00000    
          45   372.884       5406.42      0.240439E+24  0.394822E+28  0.281075E+24  0.522926E+28  0.191706E-12  0.731504E-12   0.00000       0.00000      0.334312E-13  0.340036E-13   0.00000       0.00000       10000.0       8.00000       2.00000       1.00000    
          46   381.358       5434.53      0.230703E+24  0.397315E+28  0.269102E+24  0.524472E+28  0.191125E-12  0.762375E-12   0.00000       0.00000      0.335520E-13  0.341319E-13   0.00000       0.00000       10000.0       8.00000       2.00000       1.00000    
          47   389.833       5460.66      0.221518E+24  0.399635E+28  0.257867E+24  0.525909E+28  0.190587E-12  0.793983E-12   0.00000       0.00000      0.336641E-13  0.342510E-13   0.00000       0.00000       10000.0       8.00000       2.00000       1.00000    
          48   398.307       5484.99      0.212849E+24  0.401799E+28  0.247311E+24  0.527247E+28  0.190089E-12  0.826325E-12   0.00000       0.00000      0.337681E-13  0.343617E-13   0.00000       0.00000       10000.0       8.00000       2.00000       1.00000    
          49   406.782       5507.70      0.204658E+24  0.403820E+28  0.237381E+24  0.528496E+28  0.189626E-12  0.859396E-12   0.00000       0.00000      0.338650E-13  0.344649E-13   0.00000       0.00000       10000.0       8.00000       2.00000       1.00000    
          50   415.256       5528.92      0.196913E+24  0.405711E+28  0.228030E+24  0.529662E+28  0.189195E-12  0.893194E-12   0.00000       0.00000      0.339553E-13  0.345611E-13   0.00000       0.00000       10000.0       8.00000       2.00000       1.00000    
          51   423.730       5548.77      0.189585E+24  0.407483E+28  0.219214E+24  0.530753E+28  0.188793E-12  0.927719E-12   0.00000       0.00000      0.340396E-13  0.346510E-13   0.00000       0.00000       10000.0       8.00000       2.00000       1.00000    
          52   432.205       5567.38      0.182646E+24  0.409145E+28  0.210894E+24  0.531776E+28  0.188417E-12  0.962967E-12   0.00000       0.00000      0.341184E-13  0.347351E-13   0.00000       0.00000       10000.0       8.00000       2.00000       1.00000    
          53   440.679       5584.85      0.176069E+24  0.410706E+28  0.203034E+24  0.532736E+28  0.188066E-12  0.998937E-12   0.00000       0.00000      0.341923E-13  0.348140E-13   0.00000       0.00000       10000.0       8.00000       2.00000       1.00000    
          54   449.154       5601.27      0.169832E+24  0.412175E+28  0.195601E+24  0.533638E+28  0.187737E-12  0.103563E-11   0.00000       0.00000      0.342616E-13  0.348880E-13   0.00000       0.00000       10000.0       8.00000       2.00000       1.00000    
          55   457.628       5616.72      0.163911E+24  0.413558E+28  0.188565E+24  0.534487E+28  0.187428E-12  0.107303E-11   0.00000       0.00000      0.343268E-13  0.349576E-13   0.00000       0.00000       10000.0       8.00000       2.00000       1.00000    
          56   466.102       5631.28      0.158287E+24  0.414862E+28  0.181898E+24  0.535287E+28  0.187138E-12  0.111116E-11   0.00000       0.00000      0.343880E-13  0.350231E-13   0.00000       0.00000       10000.0       8.00000       2.00000       1.00000    
          57   474.577       5645.01      0.152940E+24  0.416094E+28  0.175576E+24  0.536042E+28  0.186865E-12  0.115000E-11   0.00000       0.00000      0.344457E-13  0.350848E-13   0.00000       0.00000       10000.0       8.00000       2.00000       1.00000    
          58   483.051       5657.98      0.147854E+24  0.417258E+28  0.169576E+24  0.536755E+28  0.186607E-12  0.118956E-11   0.00000       0.00000      0.345001E-13  0.351431E-13   0.00000       0.00000       10000.0       8.00000       2.00000       1.00000    
          59   491.526       5670.25      0.143013E+24  0.418359E+28  0.163875E+24  0.537429E+28  0.186365E-12  0.122983E-11   0.00000       0.00000      0.345515E-13  0.351981E-13   0.00000       0.00000       10000.0       8.00000       2.00000       1.00000    
          60   500.000       5681.86      0.138400E+24  0.419402E+28  0.158455E+24  0.538067E+28  0.186135E-12  0.127082E-11   0.00000       0.00000      0.346001E-13  0.352501E-13   0.00000       0.00000       10000.0       8.00000       2.00000       1.00000    
          61  0.100000E-01  0.430710E-01  0.291818E+26  0.900474E+24  0.363539E+26  0.102783E+25  0.502329E-14  0.602712E-14   0.00000       0.00000      0.291818E-20  0.293499E-20   0.00000       0.00000      0.621116       4.00000       1.00000       0.00000    
          62   8.48441       6.04473      0.116730E+25  0.510151E+25  0.180734E+25  0.665757E+25  0.129250E-12  0.150674E-12  0.229814E-20  0.232044E-24  0.840286E-16  0.728786E-16  0.111381E-16  0.138930E-19   36.3036       5.00000       1.00000       0.00000    
          63   16.9588       8.02689      0.106586E+25  0.613274E+25  0.164024E+25  0.790860E+25  0.140861E-12  0.165014E-12  0.606695E-18  0.335640E-22  0.306543E-15  0.100778E-15  0.200901E-15  0.487058E-17   54.0417       5.00000       1.00000       0.00000    
          64   25.4332       8.87651      0.103795E+25  0.655248E+25  0.159767E+25  0.851349E+25  0.145171E-12  0.169451E-12  0.374050E-17  0.141693E-21  0.671399E-15  0.112234E-15  0.525874E-15  0.332086E-16   67.4776       6.00000       1.00000       0.00000    
          65   33.9076       9.59013      0.101808E+25  0.690713E+25  0.156809E+25  0.903877E+25  0.148450E-12  0.172758E-12  0.103392E-16  0.299505E-21  0.117052E-14  0.121598E-15  0.949821E-15  0.991762E-16   83.6579       6.00000       1.00000       0.00000    
          66   42.3820       10.2510      0.100056E+25  0.722979E+25  0.154275E+25  0.952719E+25  0.151269E-12  0.175784E-12  0.204684E-16  0.482681E-21  0.179724E-14  0.130132E-15  0.145715E-14  0.209874E-15   95.5533       7.00000       1.00000       0.00000    
          67   50.8564       10.8891      0.985279E+24  0.754239E+25  0.152008E+25  0.999624E+25  0.153838E-12  0.178510E-12  0.339678E-16  0.677895E-21  0.254830E-14  0.138294E-15  0.203999E-14  0.369983E-15   112.939       7.00000       1.00000       0.00000    
          68   59.3308       11.5081      0.970989E+24  0.783972E+25  0.149907E+25  0.104486E+26  0.156200E-12  0.181137E-12  0.505825E-16  0.878022E-21  0.341803E-14  0.146158E-15  0.268983E-14  0.582294E-15   128.571       7.00000       1.00000       0.00000    
          69   67.8053       12.1159      0.957791E+24  0.812824E+25  0.147956E+25  0.108894E+26  0.158420E-12  0.183633E-12  0.700712E-16  0.107896E-20  0.440349E-14  0.153841E-15  0.340060E-14  0.849261E-15   140.354       7.00000       1.00000       0.00000    
          70   76.2797       12.7176      0.945729E+24  0.841299E+25  0.146146E+25  0.113228E+26  0.160527E-12  0.185975E-12  0.922435E-16  0.127868E-20  0.550280E-14  0.161420E-15  0.416839E-14  0.117355E-14   158.745       7.00000       1.00000      -1.00000    
          71   84.7541       13.3137      0.934476E+24  0.869209E+25  0.144448E+25  0.117490E+26  0.162532E-12  0.188215E-12  0.116876E-15  0.147569E-20  0.671258E-14  0.168905E-15  0.498760E-14  0.155664E-14   171.891       7.00000       1.00000      -1.00000    
          72   93.2285       13.9034      0.923827E+24  0.896269E+25  0.142872E+25  0.121707E+26  0.164439E-12  0.190384E-12  0.143792E-15  0.166954E-20  0.802949E-14  0.176290E-15  0.585386E-14  0.200000E-14   185.356       7.00000       1.00000      -1.00000    
          73   101.703       14.4919      0.913981E+24  0.923113E+25  0.141403E+25  0.125907E+26  0.166271E-12  0.192435E-12  0.172860E-15  0.185962E-20  0.945374E-14  0.183646E-15  0.676508E-14  0.250616E-14   207.965       7.00000       1.00000      -1.00000    
          74   110.177       15.0791      0.904776E+24  0.949662E+25  0.140026E+25  0.130084E+26  0.168033E-12  0.194393E-12  0.203914E-15  0.204557E-20  0.109831E-13  0.190969E-15  0.771697E-14  0.307621E-14   222.455       7.00000       1.00000      -1.00000    
          75   118.652       15.6658      0.896187E+24  0.976142E+25  0.138751E+25  0.134271E+26  0.169729E-12  0.196256E-12  0.236846E-15  0.222737E-20  0.126167E-13  0.198272E-15  0.870726E-14  0.371209E-14   237.264       7.00000       1.00000      -1.00000    
          76   127.126       16.2507      0.887954E+24  0.100217E+26  0.137555E+25  0.138464E+26  0.171355E-12  0.198075E-12  0.271507E-15  0.240522E-20  0.143503E-13  0.205545E-15  0.973232E-14  0.441441E-14   265.421       7.00000       1.00000      -1.00000    
          77   135.601       16.8377      0.880366E+24  0.102843E+26  0.136443E+25  0.142689E+26  0.172935E-12  0.199783E-12  0.307818E-15  0.257852E-20  0.161877E-13  0.212829E-15  0.107908E-13  0.518565E-14   282.290       7.00000       1.00000      -1.00000    
          78   144.075       17.4252      0.873076E+24  0.105431E+26  0.135395E+25  0.146925E+26  0.174460E-12  0.201451E-12  0.345663E-15  0.274797E-20  0.181229E-13  0.220107E-15  0.118799E-13  0.602647E-14   299.698       7.00000       1.00000      -1.00000    
          79   152.549       18.0150      0.866306E+24  0.108036E+26  0.134423E+25  0.151206E+26  0.175940E-12  0.203025E-12  0.384949E-15  0.291287E-20  0.201601E-13  0.227406E-15  0.129975E-13  0.693868E-14   317.683       7.00000       1.00000      -1.00000    
          80   161.024       18.6078      0.859960E+24  0.110664E+26  0.133512E+25  0.155528E+26  0.177378E-12  0.204524E-12  0.425616E-15  0.307362E-20  0.222976E-13  0.234733E-15  0.141427E-13  0.792425E-14   336.147       7.00000       1.00000      -1.00000    
          81   169.498       19.2026      0.853909E+24  0.113282E+26  0.132653E+25  0.159890E+26  0.178770E-12  0.205973E-12  0.467550E-15  0.323036E-20  0.245325E-13  0.242079E-15  0.153126E-13  0.898342E-14   355.067       7.00000       1.00000      -1.00000    
          82   177.973       19.7971      0.847953E+24  0.115842E+26  0.131831E+25  0.164261E+26  0.180112E-12  0.207420E-12  0.510516E-15  0.338287E-20  0.268583E-13  0.249414E-15  0.165008E-13  0.101128E-13   374.517       7.00000       1.00000      -1.00000    
          83   186.447       20.3977      0.842498E+24  0.118474E+26  0.131070E+25  0.168720E+26  0.181424E-12  0.208762E-12  0.554751E-15  0.353162E-20  0.292873E-13  0.256817E-15  0.177153E-13  0.113226E-13   394.520       7.00000       1.00000      -1.00000    
          84   194.921       20.9978      0.837062E+24  0.121045E+26  0.130342E+25  0.173200E+26  0.182689E-12  0.210118E-12  0.599849E-15  0.367641E-20  0.318036E-13  0.264221E-15  0.189442E-13  0.126039E-13   441.130       7.00000       1.00000      -1.00000    
          85   203.396       21.6035      0.832090E+24  0.123679E+26  0.129669E+25  0.177758E+26  0.183927E-12  0.211374E-12  0.646013E-15  0.381706E-20  0.344234E-13  0.271680E-15  0.201941E-13  0.139657E-13   464.138       7.00000       1.00000      -1.00000    
          86   211.870       22.2130      0.827241E+24  0.126317E+26  0.129013E+25  0.182339E+26  0.185135E-12  0.212613E-12  0.693044E-15  0.395420E-20  0.371340E-13  0.279183E-15  0.214603E-13  0.154054E-13   487.992       8.00000       1.00000      -1.00000    
          87   220.345       22.8272      0.822676E+24  0.128994E+26  0.128387E+25  0.186969E+26  0.186315E-12  0.213793E-12  0.740918E-15  0.408732E-20  0.399423E-13  0.286744E-15  0.227424E-13  0.169252E-13   512.508       8.00000       1.00000      -1.00000    
          88   228.819       23.4445      0.818310E+24  0.131668E+26  0.127802E+25  0.191668E+26  0.187461E-12  0.214933E-12  0.789578E-15  0.421682E-20  0.428452E-13  0.294340E-15  0.240386E-13  0.185249E-13   537.869       8.00000       1.00000      -1.00000    
          89   237.293       24.0653      0.814029E+24  0.134336E+26  0.127233E+25  0.196399E+26  0.188576E-12  0.216064E-12  0.838909E-15  0.434299E-20  0.458365E-13  0.301980E-15  0.253466E-13  0.202038E-13   563.761       8.00000       1.00000      -1.00000    
          90   245.768       24.6901      0.809971E+24  0.137032E+26  0.126686E+25  0.201175E+26  0.189666E-12  0.217146E-12  0.888866E-15  0.446521E-20  0.489237E-13  0.309671E-15  0.266656E-13  0.219631E-13   590.450       8.00000       1.00000      -1.00000    
          91   254.242       25.3212      0.806161E+24  0.139765E+26  0.126187E+25  0.206062E+26  0.190731E-12  0.218172E-12  0.939607E-15  0.458434E-20  0.521095E-13  0.317440E-15  0.279998E-13  0.238107E-13   617.999       8.00000       1.00000      -1.00000    
          92   262.717       25.9535      0.802269E+24  0.142446E+26  0.125683E+25  0.210938E+26  0.191765E-12  0.219231E-12  0.990660E-15  0.470021E-20  0.553726E-13  0.325224E-15  0.293371E-13  0.257318E-13   646.135       8.00000       1.00000      -1.00000    
          93   271.191       26.5923      0.798757E+24  0.145190E+26  0.125210E+25  0.215895E+26  0.192778E-12  0.220195E-12  0.104242E-14  0.481228E-20  0.587443E-13  0.333093E-15  0.306880E-13  0.277430E-13   675.512       8.00000       1.00000      -1.00000    
          94   279.665       27.2341      0.795150E+24  0.147898E+26  0.124747E+25  0.220884E+26  0.193764E-12  0.221194E-12  0.109447E-14  0.492171E-20  0.621909E-13  0.341002E-15  0.320424E-13  0.298320E-13   705.736       8.00000       1.00000      -1.00000    
          95   288.140       27.8830      0.791835E+24  0.150683E+26  0.124315E+25  0.225973E+26  0.194734E-12  0.222119E-12  0.114714E-14  0.502778E-20  0.657418E-13  0.348999E-15  0.334086E-13  0.320130E-13   737.102       8.00000       1.00000      -1.00000    
          96   296.614       28.5364      0.788691E+24  0.153490E+26  0.123893E+25  0.231085E+26  0.195682E-12  0.223005E-12  0.120018E-14  0.513034E-20  0.693891E-13  0.357061E-15  0.347804E-13  0.342785E-13   767.698       8.00000       1.00000      -1.00000    
          97   305.089       29.1927      0.785429E+24  0.156272E+26  0.123463E+25  0.236204E+26  0.196608E-12  0.223931E-12  0.125334E-14  0.523042E-20  0.731070E-13  0.365162E-15  0.361522E-13  0.366210E-13   798.955       8.00000       1.00000      -1.00000    
          98   313.563       29.8586      0.782597E+24  0.159147E+26  0.123095E+25  0.241501E+26  0.197517E-12  0.224741E-12  0.130730E-14  0.532735E-20  0.769464E-13  0.373385E-15  0.375403E-13  0.390694E-13   831.027       8.00000       1.00000      -1.00000    
          99   322.037       30.5230      0.779509E+24  0.161935E+26  0.122690E+25  0.246712E+26  0.198398E-12  0.225632E-12  0.136099E-14  0.542159E-20  0.808414E-13  0.381599E-15  0.389185E-13  0.415797E-13   863.447       9.00000       1.00000      -1.00000    
         100   330.512       31.1970      0.776706E+24  0.164861E+26  0.122330E+25  0.252092E+26  0.199270E-12  0.226446E-12  0.141521E-14  0.551287E-20  0.848459E-13  0.389967E-15  0.403075E-13  0.441953E-13   971.151       9.00000       1.00000      -1.00000    
         101   338.986       31.8749      0.773988E+24  0.167761E+26  0.121968E+25  0.257466E+26  0.200121E-12  0.227241E-12  0.146962E-14  0.560129E-20  0.889403E-13  0.398363E-15  0.416980E-13  0.468924E-13   1009.73       9.00000       1.00000      -1.00000    
         102   347.461       32.5568      0.771319E+24  0.170659E+26  0.121628E+25  0.262939E+26  0.200951E-12  0.228028E-12  0.152413E-14  0.568701E-20  0.931205E-13  0.406818E-15  0.430882E-13  0.496733E-13   1049.77       9.00000       1.00000      -1.00000    
         103   355.935       33.2433      0.768644E+24  0.173542E+26  0.121273E+25  0.268380E+26  0.201765E-12  0.228821E-12  0.157879E-14  0.577069E-20  0.973793E-13  0.415335E-15  0.444795E-13  0.525404E-13   1091.44       9.00000       1.00000      -1.00000    
         104   364.410       33.9392      0.766240E+24  0.176515E+26  0.120969E+25  0.274019E+26  0.202567E-12  0.229539E-12  0.163382E-14  0.585127E-20  0.101752E-12  0.423973E-15  0.458784E-13  0.555112E-13   1133.16       9.00000       1.00000      -1.00000    
         105   372.884       34.6343      0.763650E+24  0.179425E+26  0.120614E+25  0.279513E+26  0.203350E-12  0.230317E-12  0.168852E-14  0.592978E-20  0.106180E-12  0.432613E-15  0.472666E-13  0.585459E-13   1176.71       9.00000       1.00000      -1.00000    
         106   381.358       35.3433      0.761554E+24  0.182486E+26  0.120347E+25  0.285329E+26  0.204123E-12  0.230952E-12  0.174402E-14  0.600507E-20  0.110756E-12  0.441434E-15  0.486720E-13  0.617093E-13   1220.81       9.00000       1.00000      -1.00000    
         107   389.833       36.0480      0.759037E+24  0.185412E+26  0.120019E+25  0.290962E+26  0.204873E-12  0.231717E-12  0.179875E-14  0.607895E-20  0.115350E-12  0.450211E-15  0.500561E-13  0.649159E-13   1265.86       9.00000       1.00000      -1.00000    
         108   398.307       36.7614      0.756702E+24  0.188420E+26  0.119716E+25  0.296726E+26  0.205613E-12  0.232432E-12  0.185374E-14  0.615043E-20  0.120050E-12  0.459104E-15  0.514453E-13  0.682259E-13   1313.33       9.00000       1.00000      -1.00000    
         109   406.782       37.4878      0.754781E+24  0.191575E+26  0.119458E+25  0.302675E+26  0.206349E-12  0.233024E-12  0.190937E-14  0.621883E-20  0.124895E-12  0.468166E-15  0.528488E-13  0.716636E-13   1362.17       9.00000       1.00000      -1.00000    
         110   415.256       38.2147      0.752712E+24  0.194670E+26  0.119175E+25  0.308564E+26  0.207066E-12  0.233664E-12  0.196462E-14  0.628543E-20  0.129796E-12  0.477246E-15  0.542410E-13  0.751686E-13   1412.32       9.00000       1.00000      -1.00000    
         111   423.730       38.9430      0.750521E+24  0.197703E+26  0.118897E+25  0.314511E+26  0.207762E-12  0.234347E-12  0.201948E-14  0.635019E-20  0.134754E-12  0.486356E-15  0.556210E-13  0.787417E-13   1463.40       9.00000       1.00000      -1.00000    
         112   432.205       39.6799      0.748514E+24  0.200806E+26  0.118637E+25  0.320554E+26  0.208450E-12  0.234975E-12  0.207457E-14  0.641267E-20  0.139823E-12  0.495579E-15  0.570054E-13  0.824221E-13   1515.52       9.00000       1.00000      -1.00000    
         113   440.679       40.4224      0.746557E+24  0.203931E+26  0.118379E+25  0.326642E+26  0.209125E-12  0.235591E-12  0.212964E-14  0.647321E-20  0.144980E-12  0.504878E-15  0.583879E-13  0.861950E-13   1570.58       10.0000       1.00000      -1.00000    
         114   449.154       41.1728      0.744713E+24  0.207112E+26  0.118145E+25  0.332885E+26  0.209789E-12  0.236174E-12  0.218478E-14  0.653165E-20  0.150238E-12  0.514288E-15  0.597706E-13  0.900702E-13   1627.30       10.0000       1.00000      -1.00000    
         115   457.628       41.9248      0.742784E+24  0.210250E+26  0.117895E+25  0.339080E+26  0.210440E-12  0.236787E-12  0.223954E-14  0.658846E-20  0.155556E-12  0.523729E-15  0.611424E-13  0.940164E-13   1684.92       10.0000       1.00000      -1.00000    
         116   466.102       42.6833      0.740930E+24  0.213434E+26  0.117654E+25  0.345350E+26  0.211081E-12  0.237380E-12  0.229421E-14  0.664317E-20  0.160968E-12  0.533256E-15  0.625108E-13  0.980564E-13   1744.20       10.0000       1.00000      -1.00000    
         117   474.577       43.4513      0.739242E+24  0.216708E+26  0.117446E+25  0.351832E+26  0.211712E-12  0.237922E-12  0.234897E-14  0.669554E-20  0.166494E-12  0.542913E-15  0.638802E-13  0.102206E-12   1806.33       10.0000       1.00000      -1.00000    
         118   483.051       44.2170      0.737352E+24  0.219894E+26  0.117187E+25  0.358107E+26  0.212332E-12  0.238532E-12  0.240317E-14  0.674708E-20  0.172053E-12  0.552548E-15  0.652345E-13  0.106409E-12   1871.42       10.0000       1.00000      -1.00000    
         119   491.526       45.0030      0.735969E+24  0.223299E+26  0.117002E+25  0.364757E+26  0.212950E-12  0.238980E-12  0.245832E-14  0.679568E-20  0.177808E-12  0.562449E-15  0.666112E-13  0.110789E-12   1936.35       10.0000       1.00000      -1.00000    
         120   500.000       45.7893      0.734374E+24  0.226624E+26  0.116820E+25  0.371488E+26  0.213548E-12  0.239499E-12  0.251269E-14  0.684307E-20  0.183593E-12  0.572368E-15  0.679669E-13  0.115220E-12   2003.28       10.0000       1.00000      -1.00000    
         121  0.100000E-01  0.410293E-01  0.265974E+26  0.752466E+24  0.340666E+26  0.920025E+24  0.553986E-14  0.661276E-14   0.00000       0.00000      0.265974E-20  0.267668E-20   0.00000       0.00000      0.621116       4.00000       1.00000       0.00000    
         122   8.48441       5.55344      0.152781E+25  0.594982E+25  0.241060E+25  0.805271E+25  0.100572E-12  0.115120E-12  0.207581E-20  0.160138E-24  0.109980E-15  0.952716E-16  0.146991E-16  0.115290E-19   35.5442       5.00000       1.00000       0.00000    
         123   16.9588       7.54765      0.144204E+25  0.752823E+25  0.228341E+25  0.101440E+26  0.107873E-12  0.121968E-12  0.646311E-18  0.264283E-22  0.414732E-15  0.131663E-15  0.278149E-15  0.487882E-17   51.1129       5.00000       1.00000       0.00000    
         124   25.4332       8.31669      0.142341E+25  0.814056E+25  0.226497E+25  0.110827E+26  0.110045E-12  0.123564E-12  0.434795E-17  0.120103E-21  0.920731E-15  0.144245E-15  0.740282E-15  0.361673E-16   65.5681       6.00000       1.00000       0.00000    
         125   33.9076       8.94013      0.141142E+25  0.864516E+25  0.225550E+25  0.118976E+26  0.111571E-12  0.124614E-12  0.127156E-16  0.265696E-21  0.162274E-14  0.153832E-15  0.135531E-14  0.113705E-15   79.3627       6.00000       1.00000       0.00000    
         126   42.3820       9.51632      0.140166E+25  0.911629E+25  0.224786E+25  0.126725E+26  0.112829E-12  0.125481E-12  0.262272E-16  0.441497E-21  0.251772E-14  0.162325E-15  0.210591E-14  0.249651E-15   92.9391       7.00000       1.00000       0.00000    
         127   50.8564       10.0719      0.139314E+25  0.957319E+25  0.224038E+25  0.134254E+26  0.113935E-12  0.126249E-12  0.448804E-16  0.633456E-21  0.360319E-14  0.170253E-15  0.298042E-14  0.452158E-15   105.465       7.00000       1.00000       0.00000    
         128   59.3308       10.6147      0.138527E+25  0.100182E+26  0.223264E+25  0.141634E+26  0.114926E-12  0.126966E-12  0.685224E-16  0.833717E-21  0.487635E-14  0.177783E-15  0.397087E-14  0.727571E-15   119.416       7.00000       1.00000       0.00000    
         129   67.8053       11.1484      0.137779E+25  0.104542E+26  0.222487E+25  0.148926E+26  0.115824E-12  0.127655E-12  0.969130E-16  0.103738E-20  0.633446E-14  0.184998E-15  0.506862E-14  0.108080E-14   134.863       7.00000       1.00000       0.00000    
         130   76.2797       11.6786      0.137093E+25  0.108873E+26  0.221695E+25  0.156150E+26  0.116657E-12  0.128294E-12  0.129843E-15  0.124164E-20  0.797685E-14  0.192003E-15  0.626870E-14  0.151693E-14   146.028       7.00000       1.00000       0.00000    
         131   84.7541       12.2065      0.136459E+25  0.113190E+26  0.220912E+25  0.163331E+26  0.117433E-12  0.128890E-12  0.167062E-15  0.144449E-20  0.980219E-14  0.198843E-15  0.756342E-14  0.204006E-14   164.218       7.00000       1.00000      -1.00000    
         132   93.2285       12.7325      0.135869E+25  0.117481E+26  0.220158E+25  0.170510E+26  0.118155E-12  0.129449E-12  0.208401E-15  0.164524E-20  0.118092E-13  0.205515E-15  0.894960E-14  0.265456E-14   176.679       7.00000       1.00000      -1.00000    
         133   101.703       13.2572      0.135299E+25  0.121735E+26  0.219402E+25  0.177661E+26  0.118832E-12  0.129995E-12  0.253593E-15  0.184293E-20  0.139946E-13  0.212050E-15  0.104197E-13  0.336336E-14   189.432       7.00000       1.00000      -1.00000    
         134   110.177       13.7820      0.134759E+25  0.125965E+26  0.218670E+25  0.184823E+26  0.119467E-12  0.130516E-12  0.302508E-15  0.203745E-20  0.163585E-13  0.218478E-15  0.119714E-13  0.417110E-14   211.522       7.00000       1.00000      -1.00000    
         135   118.652       14.3079      0.134257E+25  0.130201E+26  0.217964E+25  0.191999E+26  0.120069E-12  0.131004E-12  0.354922E-15  0.222803E-20  0.189010E-13  0.224818E-15  0.135983E-13  0.508061E-14   225.209       7.00000       1.00000      -1.00000    
         136   127.126       14.8348      0.133778E+25  0.134441E+26  0.217280E+25  0.199192E+26  0.120640E-12  0.131474E-12  0.410644E-15  0.241461E-20  0.216198E-13  0.231080E-15  0.152956E-13  0.609483E-14   239.187       7.00000       1.00000      -1.00000    
         137   135.601       15.3635      0.133333E+25  0.138688E+26  0.216643E+25  0.206461E+26  0.121178E-12  0.131912E-12  0.469643E-15  0.259759E-20  0.245165E-13  0.237271E-15  0.170641E-13  0.721903E-14   253.493       7.00000       1.00000      -1.00000    
         138   144.075       15.8929      0.132892E+25  0.142924E+26  0.216017E+25  0.213747E+26  0.121690E-12  0.132349E-12  0.531541E-15  0.277619E-20  0.275852E-13  0.243401E-15  0.188922E-13  0.845240E-14   282.468       7.00000       1.00000      -1.00000    
         139   152.549       16.4248      0.132452E+25  0.147140E+26  0.215391E+25  0.221050E+26  0.122180E-12  0.132789E-12  0.596308E-15  0.295121E-20  0.308234E-13  0.249480E-15  0.207807E-13  0.979978E-14   298.811       7.00000       1.00000      -1.00000    
         140   161.024       16.9599      0.132059E+25  0.151406E+26  0.214815E+25  0.228439E+26  0.122650E-12  0.133185E-12  0.663818E-15  0.312171E-20  0.342411E-13  0.255537E-15  0.227264E-13  0.112648E-13   315.652       7.00000       1.00000      -1.00000    
         141   169.498       17.4989      0.131694E+25  0.155717E+26  0.214272E+25  0.235912E+26  0.123101E-12  0.133554E-12  0.734033E-15  0.328840E-20  0.378352E-13  0.261577E-15  0.247294E-13  0.128524E-13   332.930       7.00000       1.00000      -1.00000    
         142   177.973       18.0399      0.131317E+25  0.160003E+26  0.213711E+25  0.243381E+26  0.123534E-12  0.133937E-12  0.806494E-15  0.345086E-20  0.415936E-13  0.267589E-15  0.267769E-13  0.145580E-13   350.603       7.00000       1.00000      -1.00000    
         143   186.447       18.5834      0.130963E+25  0.164291E+26  0.213200E+25  0.250961E+26  0.123945E-12  0.134299E-12  0.881353E-15  0.360949E-20  0.455260E-13  0.273569E-15  0.288738E-13  0.163888E-13   368.774       7.00000       1.00000      -1.00000    
         144   194.921       19.1306      0.130618E+25  0.168608E+26  0.212698E+25  0.258594E+26  0.124342E-12  0.134653E-12  0.958381E-15  0.376422E-20  0.496276E-13  0.279550E-15  0.310138E-13  0.183461E-13   387.423       7.00000       1.00000      -1.00000    
         145   203.396       19.6811      0.130282E+25  0.172936E+26  0.212199E+25  0.266276E+26  0.124724E-12  0.135001E-12  0.103741E-14  0.391494E-20  0.538972E-13  0.285524E-15  0.331948E-13  0.204308E-13   406.589       7.00000       1.00000      -1.00000    
         146   211.870       20.2341      0.129949E+25  0.177264E+26  0.211730E+25  0.274052E+26  0.125089E-12  0.135347E-12  0.111837E-14  0.406205E-20  0.583327E-13  0.291495E-15  0.354129E-13  0.226455E-13   453.381       7.00000       1.00000      -1.00000    
         147   220.345       20.7899      0.129600E+25  0.181579E+26  0.211213E+25  0.281779E+26  0.125445E-12  0.135712E-12  0.120083E-14  0.420510E-20  0.629228E-13  0.297460E-15  0.376587E-13  0.249834E-13   475.340       8.00000       1.00000      -1.00000    
         148   228.819       21.3540      0.129330E+25  0.186054E+26  0.210804E+25  0.289761E+26  0.125792E-12  0.135995E-12  0.128573E-14  0.434467E-20  0.677148E-13  0.303480E-15  0.399576E-13  0.274758E-13   498.033       8.00000       1.00000      -1.00000    
         149   237.293       21.9192      0.129025E+25  0.190475E+26  0.210334E+25  0.297667E+26  0.126127E-12  0.136316E-12  0.137165E-14  0.448007E-20  0.726516E-13  0.309490E-15  0.422735E-13  0.300886E-13   521.414       8.00000       1.00000      -1.00000    
         150   245.768       22.4883      0.128734E+25  0.194913E+26  0.209908E+25  0.305716E+26  0.126449E-12  0.136625E-12  0.145936E-14  0.461260E-20  0.777576E-13  0.315508E-15  0.446235E-13  0.328442E-13   545.363       8.00000       1.00000      -1.00000    
         151   254.242       23.0609      0.128428E+25  0.199340E+26  0.209451E+25  0.313743E+26  0.126762E-12  0.136950E-12  0.154815E-14  0.474140E-20  0.830149E-13  0.321545E-15  0.469932E-13  0.357302E-13   569.991       8.00000       1.00000      -1.00000    
         152   262.717       23.6382      0.128159E+25  0.203842E+26  0.209028E+25  0.321892E+26  0.127065E-12  0.137237E-12  0.163849E-14  0.486637E-20  0.884557E-13  0.327612E-15  0.493931E-13  0.387624E-13   595.202       8.00000       1.00000      -1.00000    
         153   271.191       24.2195      0.127878E+25  0.208334E+26  0.208610E+25  0.330110E+26  0.127360E-12  0.137538E-12  0.173000E-14  0.498855E-20  0.940476E-13  0.333703E-15  0.518146E-13  0.419345E-13   621.238       8.00000       1.00000      -1.00000    
         154   279.665       24.8039      0.127594E+25  0.212821E+26  0.208184E+25  0.338359E+26  0.127645E-12  0.137845E-12  0.182247E-14  0.510731E-20  0.997948E-13  0.339807E-15  0.542527E-13  0.452425E-13   647.793       8.00000       1.00000      -1.00000    
         155   288.140       25.3947      0.127361E+25  0.217418E+26  0.207793E+25  0.346735E+26  0.127923E-12  0.138097E-12  0.191646E-14  0.522228E-20  0.105741E-12  0.345969E-15  0.567217E-13  0.487098E-13   675.473       8.00000       1.00000      -1.00000    
         156   296.614       25.9857      0.127060E+25  0.221879E+26  0.207359E+25  0.355063E+26  0.128191E-12  0.138424E-12  0.201063E-14  0.533495E-20  0.111788E-12  0.352123E-15  0.591874E-13  0.522936E-13   703.967       8.00000       1.00000      -1.00000    
         157   305.089       26.5846      0.126812E+25  0.226487E+26  0.206969E+25  0.363562E+26  0.128455E-12  0.138695E-12  0.210631E-14  0.544423E-20  0.118036E-12  0.358342E-15  0.616854E-13  0.560456E-13   733.396       8.00000       1.00000      -1.00000    
         158   313.563       27.1888      0.126592E+25  0.231168E+26  0.206593E+25  0.372133E+26  0.128713E-12  0.138936E-12  0.220301E-14  0.554991E-20  0.124468E-12  0.364616E-15  0.642025E-13  0.599519E-13   762.938       8.00000       1.00000      -1.00000    
         159   322.037       27.7925      0.126307E+25  0.235717E+26  0.206164E+25  0.380634E+26  0.128962E-12  0.139250E-12  0.229952E-14  0.565330E-20  0.130991E-12  0.370881E-15  0.667074E-13  0.639685E-13   792.185       9.00000       1.00000      -1.00000    
         160   330.512       28.4051      0.126078E+25  0.240419E+26  0.205786E+25  0.389319E+26  0.129208E-12  0.139502E-12  0.239760E-14  0.575373E-20  0.137725E-12  0.377225E-15  0.692466E-13  0.681682E-13   822.429       9.00000       1.00000      -1.00000    
         161   338.986       29.0210      0.125847E+25  0.245117E+26  0.205410E+25  0.398065E+26  0.129445E-12  0.139759E-12  0.249613E-14  0.585118E-20  0.144612E-12  0.383602E-15  0.717918E-13  0.725095E-13   852.611       9.00000       1.00000      -1.00000    
         162   347.461       29.6379      0.125589E+25  0.249761E+26  0.204997E+25  0.406755E+26  0.129676E-12  0.140045E-12  0.259461E-14  0.594585E-20  0.151623E-12  0.389987E-15  0.743298E-13  0.769735E-13   884.061       9.00000       1.00000      -1.00000    
         163   355.935       30.2627      0.125365E+25  0.254520E+26  0.204644E+25  0.415673E+26  0.129905E-12  0.140296E-12  0.269423E-14  0.603792E-20  0.158825E-12  0.396454E-15  0.768898E-13  0.816149E-13   916.356       9.00000       1.00000      -1.00000    
         164   364.410       30.8927      0.125146E+25  0.259361E+26  0.204267E+25  0.424595E+26  0.130129E-12  0.140542E-12  0.279425E-14  0.612715E-20  0.166187E-12  0.403014E-15  0.794577E-13  0.864161E-13   1029.74       9.00000       1.00000      -1.00000    
         165   372.884       31.5237      0.124906E+25  0.264095E+26  0.203902E+25  0.433604E+26  0.130345E-12  0.140811E-12  0.289433E-14  0.621428E-20  0.173673E-12  0.409548E-15  0.820193E-13  0.913412E-13   1068.39       9.00000       1.00000      -1.00000    
         166   381.358       32.1581      0.124654E+25  0.268805E+26  0.203498E+25  0.442529E+26  0.130556E-12  0.141096E-12  0.299448E-14  0.629913E-20  0.181290E-12  0.416113E-15  0.845791E-13  0.964053E-13   1107.54       9.00000       1.00000      -1.00000    
         167   389.833       32.8031      0.124460E+25  0.273711E+26  0.203176E+25  0.451786E+26  0.130765E-12  0.141316E-12  0.309587E-14  0.638079E-20  0.189142E-12  0.422789E-15  0.871668E-13  0.101671E-12   1147.57       9.00000       1.00000      -1.00000    
         168   398.307       33.4465      0.124221E+25  0.278490E+26  0.202765E+25  0.460793E+26  0.130969E-12  0.141587E-12  0.319658E-14  0.646057E-20  0.197076E-12  0.429456E-15  0.897328E-13  0.107039E-12   1189.07       9.00000       1.00000      -1.00000    
         169   406.782       34.1016      0.124046E+25  0.283489E+26  0.202470E+25  0.470256E+26  0.131170E-12  0.141787E-12  0.329865E-14  0.653719E-20  0.205261E-12  0.436248E-15  0.923285E-13  0.112622E-12   1230.66       9.00000       1.00000      -1.00000    
         170   415.256       34.7506      0.123784E+25  0.288222E+26  0.202055E+25  0.479359E+26  0.131365E-12  0.142088E-12  0.339917E-14  0.661292E-20  0.213450E-12  0.442983E-15  0.948804E-13  0.118265E-12   1273.50       9.00000       1.00000      -1.00000    
         171   423.730       35.4102      0.123567E+25  0.293143E+26  0.201709E+25  0.488774E+26  0.131558E-12  0.142337E-12  0.350069E-14  0.668591E-20  0.221862E-12  0.449833E-15  0.974550E-13  0.124112E-12   1318.44       9.00000       1.00000      -1.00000    
         172   432.205       36.0769      0.123378E+25  0.298164E+26  0.201370E+25  0.498252E+26  0.131748E-12  0.142556E-12  0.360276E-14  0.675631E-20  0.230470E-12  0.456758E-15  0.100040E-12  0.130138E-12   1364.65       9.00000       1.00000      -1.00000    
         173   440.679       36.7482      0.123193E+25  0.303213E+26  0.201037E+25  0.507813E+26  0.131935E-12  0.142769E-12  0.370498E-14  0.682457E-20  0.239239E-12  0.463738E-15  0.102626E-12  0.136323E-12   1412.14       10.0000       1.00000      -1.00000    
         174   449.154       37.4195      0.122975E+25  0.308150E+26  0.200687E+25  0.517379E+26  0.132117E-12  0.143022E-12  0.380632E-14  0.689116E-20  0.248089E-12  0.470733E-15  0.105186E-12  0.142613E-12   1460.30       10.0000       1.00000      -1.00000    
         175   457.628       38.0934      0.122748E+25  0.313067E+26  0.200329E+25  0.526973E+26  0.132294E-12  0.143287E-12  0.390736E-14  0.695597E-20  0.257062E-12  0.477756E-15  0.107734E-12  0.149039E-12   1509.27       10.0000       1.00000      -1.00000    
         176   466.102       38.7759      0.122550E+25  0.318110E+26  0.199996E+25  0.536712E+26  0.132470E-12  0.143519E-12  0.400908E-14  0.701860E-20  0.266241E-12  0.484866E-15  0.110298E-12  0.155661E-12   1560.65       10.0000       1.00000      -1.00000    
         177   474.577       39.4657      0.122371E+25  0.323249E+26  0.199691E+25  0.546636E+26  0.132643E-12  0.143728E-12  0.411118E-14  0.707914E-20  0.275609E-12  0.492065E-15  0.112868E-12  0.162469E-12   1613.98       10.0000       1.00000      -1.00000    
         178   483.051       40.1569      0.122175E+25  0.328327E+26  0.199369E+25  0.556556E+26  0.132812E-12  0.143959E-12  0.421268E-14  0.713812E-20  0.285081E-12  0.499294E-15  0.115420E-12  0.169399E-12   1668.17       10.0000       1.00000      -1.00000    
         179   491.526       40.8486      0.121953E+25  0.333328E+26  0.199015E+25  0.566387E+26  0.132978E-12  0.144221E-12  0.431320E-14  0.719549E-20  0.294636E-12  0.506532E-15  0.117945E-12  0.176433E-12   1723.06       10.0000       1.00000      -1.00000    
         180   500.000       41.5517      0.121775E+25  0.338531E+26  0.198724E+25  0.576570E+26  0.133143E-12  0.144432E-12  0.441455E-14  0.725033E-20  0.304438E-12  0.513893E-15  0.120490E-12  0.183691E-12   1780.59       10.0000       1.00000      -1.00000    
         181  0.100000E-01  0.401821E-01  0.239238E+26  0.653463E+24  0.316950E+26  0.840656E+24  0.617021E-14  0.735175E-14   0.00000       0.00000      0.239238E-20  0.240692E-20   0.00000       0.00000      0.621116       4.00000       1.00000       0.00000    
         182   8.48441       5.37653      0.212064E+25  0.781074E+25  0.350058E+25  0.111036E+26  0.741544E-13  0.829380E-13  0.122339E-19  0.679946E-24  0.152655E-15  0.119887E-15  0.327131E-16  0.657846E-19   40.3002       5.00000       1.00000       0.00000    
         183   16.9588       7.18742      0.218799E+25  0.103760E+26  0.373182E+25  0.152579E+26  0.770488E-13  0.803851E-13  0.172154E-17  0.463956E-22  0.629269E-15  0.160653E-15  0.456254E-15  0.123760E-16   63.2900       5.00000       1.00000       0.00000    
         184   25.4332       7.95259      0.224011E+25  0.116685E+26  0.390191E+25  0.177200E+26  0.774639E-13  0.785149E-13  0.987180E-17  0.173271E-21  0.144901E-14  0.175405E-15  0.119487E-14  0.785280E-16   85.0604       6.00000       1.00000       0.00000    
         185   33.9076       8.59775      0.228906E+25  0.128619E+26  0.406087E+25  0.201598E+26  0.775987E-13  0.768361E-13  0.271715E-16  0.350074E-21  0.263179E-14  0.186793E-15  0.221089E-14  0.233692E-15   105.290       6.00000       1.00000       0.00000    
         186   42.3820       9.21628      0.233881E+25  0.140834E+26  0.421673E+25  0.227517E+26  0.775874E-13  0.752014E-13  0.546907E-16  0.551742E-21  0.420106E-14  0.197027E-15  0.350023E-14  0.504247E-15   130.535       6.00000       1.00000       0.00000    
         187   50.8564       9.83295      0.238993E+25  0.153665E+26  0.437042E+25  0.255404E+26  0.774653E-13  0.735928E-13  0.928670E-16  0.764064E-21  0.618127E-14  0.206676E-15  0.506132E-14  0.913576E-15   154.704       6.00000       1.00000       0.00000    
         188   59.3308       10.4548      0.244298E+25  0.167278E+26  0.452406E+25  0.285639E+26  0.772469E-13  0.719948E-13  0.142046E-15  0.980002E-21  0.859966E-14  0.215892E-15  0.689922E-14  0.148583E-14   182.509       7.00000       1.00000      -1.00000    
         189   67.8053       11.0868      0.249682E+25  0.181684E+26  0.467502E+25  0.318166E+26  0.769487E-13  0.704423E-13  0.202310E-15  0.119500E-20  0.114793E-13  0.224790E-15  0.901018E-14  0.224421E-14   204.071       6.00000       1.00000      -1.00000    
         190   76.2797       11.7310      0.255195E+25  0.197012E+26  0.482476E+25  0.353258E+26  0.765802E-13  0.689205E-13  0.273907E-15  0.140709E-20  0.148488E-13  0.233418E-15  0.114005E-13  0.321519E-14   237.367       7.00000       1.00000      -1.00000    
         191   84.7541       12.3897      0.260593E+25  0.213102E+26  0.496823E+25  0.390502E+26  0.761560E-13  0.674929E-13  0.356613E-15  0.161463E-20  0.187191E-13  0.241841E-15  0.140575E-13  0.442119E-14   261.460       7.00000       1.00000      -1.00000    
         192   93.2285       13.0650      0.266129E+25  0.230225E+26  0.511040E+25  0.430407E+26  0.756822E-13  0.660889E-13  0.450763E-15  0.181680E-20  0.231308E-13  0.250097E-15  0.169901E-13  0.589323E-14   286.555       7.00000       1.00000      -1.00000    
         193   101.703       13.7566      0.271526E+25  0.248174E+26  0.524579E+25  0.472442E+26  0.751681E-13  0.647755E-13  0.555830E-15  0.201279E-20  0.280852E-13  0.258221E-15  0.201818E-13  0.765210E-14   331.061       7.00000       1.00000      -1.00000    
         194   110.177       14.4656      0.276786E+25  0.266905E+26  0.537365E+25  0.516369E+26  0.746220E-13  0.635443E-13  0.671505E-15  0.220197E-20  0.335992E-13  0.266236E-15  0.236211E-13  0.972134E-14   360.864       7.00000       1.00000      -1.00000    
         195   118.652       15.1923      0.281945E+25  0.286483E+26  0.549607E+25  0.562398E+26  0.740501E-13  0.623816E-13  0.797635E-15  0.238432E-20  0.396929E-13  0.274170E-15  0.273022E-13  0.121278E-13   392.089       8.00000       1.00000      -1.00000    
         196   127.126       15.9388      0.287066E+25  0.307001E+26  0.561307E+25  0.610455E+26  0.734551E-13  0.612689E-13  0.934046E-15  0.255948E-20  0.463929E-13  0.282069E-15  0.312215E-13  0.149002E-13   425.220       8.00000       1.00000      -1.00000    
         197   135.601       16.7043      0.292079E+25  0.328361E+26  0.572315E+25  0.660195E+26  0.728415E-13  0.602172E-13  0.108036E-14  0.272776E-20  0.537061E-13  0.289922E-15  0.353688E-13  0.180624E-13   459.473       8.00000       1.00000      -1.00000    
         198   144.075       17.4862      0.296736E+25  0.350212E+26  0.582305E+25  0.711006E+26  0.722188E-13  0.592722E-13  0.123514E-14  0.288907E-20  0.615952E-13  0.297757E-15  0.397018E-13  0.216174E-13   495.136       8.00000       1.00000      -1.00000    
         199   152.549       18.2836      0.301095E+25  0.372582E+26  0.591316E+25  0.762667E+26  0.715876E-13  0.584142E-13  0.139775E-14  0.304309E-20  0.700686E-13  0.305586E-15  0.442098E-13  0.255814E-13   569.843       8.00000       1.00000      -1.00000    
         200   161.024       19.1008      0.305478E+25  0.395881E+26  0.600031E+25  0.816162E+26  0.709503E-13  0.575760E-13  0.156933E-14  0.319040E-20  0.792063E-13  0.313417E-15  0.489165E-13  0.300066E-13   612.874       9.00000       1.00000      -1.00000    
         201   169.498       19.9359      0.309589E+25  0.419642E+26  0.607795E+25  0.870198E+26  0.703069E-13  0.568115E-13  0.174783E-14  0.333080E-20  0.889436E-13  0.321272E-15  0.537787E-13  0.348816E-13   658.164       9.00000       1.00000      -1.00000    
         202   177.973       20.7827      0.313311E+25  0.443618E+26  0.614676E+25  0.924672E+26  0.696704E-13  0.561365E-13  0.193214E-14  0.346505E-20  0.992390E-13  0.329133E-15  0.587554E-13  0.401992E-13   706.541       9.00000       1.00000      -1.00000    
         203   186.447       21.6570      0.317370E+25  0.469060E+26  0.621614E+25  0.981229E+26  0.690229E-13  0.554186E-13  0.212573E-14  0.359242E-20  0.110326E-12  0.337095E-15  0.639501E-13  0.460893E-13   757.816       9.00000       1.00000      -1.00000    
         204   194.921       22.5297      0.320447E+25  0.493463E+26  0.626781E+25  0.103602E+27  0.683957E-13  0.548864E-13  0.232020E-14  0.371458E-20  0.121752E-12  0.344986E-15  0.691349E-13  0.523345E-13   811.005       9.00000       1.00000      -1.00000    
         205   203.396       23.4280      0.323797E+25  0.519126E+26  0.631903E+25  0.109229E+27  0.677606E-13  0.543186E-13  0.252257E-14  0.383025E-20  0.133954E-12  0.352991E-15  0.745052E-13  0.591694E-13   863.438       9.00000       1.00000      -1.00000    
         206   211.870       24.3354      0.326795E+25  0.544897E+26  0.636460E+25  0.114907E+27  0.671418E-13  0.538203E-13  0.272841E-14  0.394062E-20  0.146695E-12  0.361018E-15  0.799317E-13  0.664787E-13   918.500       9.00000       1.00000      -1.00000    
         207   220.345       25.2578      0.329555E+25  0.570844E+26  0.640274E+25  0.120555E+27  0.665249E-13  0.533696E-13  0.293794E-14  0.404587E-20  0.160005E-12  0.369106E-15  0.854378E-13  0.742993E-13   975.396       9.00000       1.00000      -1.00000    
         208   228.819       26.1989      0.332381E+25  0.597539E+26  0.643748E+25  0.126236E+27  0.659112E-13  0.529158E-13  0.315245E-14  0.414496E-20  0.174029E-12  0.377309E-15  0.910524E-13  0.826974E-13   1035.60       9.00000       1.00000      -1.00000    
         209   237.293       27.1315      0.334370E+25  0.623018E+26  0.646150E+25  0.131792E+27  0.653270E-13  0.526009E-13  0.336522E-14  0.424131E-20  0.188278E-12  0.385396E-15  0.965905E-13  0.914246E-13   1099.32       10.0000       1.00000      -1.00000    
         210   245.768       28.0968      0.336792E+25  0.650318E+26  0.648890E+25  0.137562E+27  0.647365E-13  0.522228E-13  0.358513E-14  0.433130E-20  0.203428E-12  0.393787E-15  0.102299E-12  0.100880E-12   1273.58       10.0000       1.00000      -1.00000    
         211   254.242       29.0601      0.338663E+25  0.676591E+26  0.650596E+25  0.143139E+27  0.641622E-13  0.519343E-13  0.380406E-14  0.441807E-20  0.218909E-12  0.402062E-15  0.107966E-12  0.110715E-12   1351.35       11.0000       1.00000      -1.00000    
         212   262.717       30.0518      0.340849E+25  0.704393E+26  0.652731E+25  0.148962E+27  0.635913E-13  0.516012E-13  0.402898E-14  0.449931E-20  0.235254E-12  0.410558E-15  0.113767E-12  0.121268E-12   1434.36       11.0000       1.00000      -1.00000    
         213   271.191       31.0230      0.342073E+25  0.729924E+26  0.653288E+25  0.154385E+27  0.630488E-13  0.514165E-13  0.424731E-14  0.457846E-20  0.251576E-12  0.418880E-15  0.119386E-12  0.131976E-12   1518.76       11.0000       1.00000      -1.00000    
         214   279.665       32.0332      0.343889E+25  0.757722E+26  0.654546E+25  0.160114E+27  0.625002E-13  0.511450E-13  0.447442E-14  0.465244E-20  0.268965E-12  0.427489E-15  0.125210E-12  0.143567E-12   1608.05       11.0000       1.00000      -1.00000    
         215   288.140       33.0358      0.345137E+25  0.783766E+26  0.654770E+25  0.165553E+27  0.619707E-13  0.509600E-13  0.469764E-14  0.472372E-20  0.286549E-12  0.435870E-15  0.130927E-12  0.155405E-12   1392.77       22.0000       2.00000      -1.00000    
         216   296.614       34.0619      0.346565E+25  0.811336E+26  0.655325E+25  0.171215E+27  0.614467E-13  0.507501E-13  0.492442E-14  0.479048E-20  0.304908E-12  0.444618E-15  0.136722E-12  0.167973E-12   1472.64       22.0000       2.00000      -1.00000    
         217   305.089       35.0716      0.347305E+25  0.837157E+26  0.655047E+25  0.176674E+27  0.609510E-13  0.506420E-13  0.514539E-14  0.485603E-20  0.323268E-12  0.453200E-15  0.142351E-12  0.180714E-12   1520.34       21.0000       2.00000      -1.00000    
         218   313.563       36.1179      0.348541E+25  0.864999E+26  0.655207E+25  0.182332E+27  0.604492E-13  0.504624E-13  0.537352E-14  0.491678E-20  0.342691E-12  0.462089E-15  0.148151E-12  0.194364E-12   1604.95       21.0000       2.00000      -1.00000    
         219   322.037       37.1575      0.349320E+25  0.891734E+26  0.654794E+25  0.187854E+27  0.599688E-13  0.503499E-13  0.559726E-14  0.497561E-20  0.362273E-12  0.470956E-15  0.153831E-12  0.208292E-12   1691.79       23.0000       2.00000      -1.00000    
         220   330.512       38.2061      0.349993E+25  0.918436E+26  0.654268E+25  0.193400E+27  0.594980E-13  0.502530E-13  0.582020E-14  0.503143E-20  0.382326E-12  0.479871E-15  0.159484E-12  0.222700E-12   1740.51       23.0000       2.00000      -1.00000    
         221   338.986       39.2633      0.350642E+25  0.945277E+26  0.653515E+25  0.198879E+27  0.590363E-13  0.501599E-13  0.604357E-14  0.508449E-20  0.402929E-12  0.488873E-15  0.165137E-12  0.237656E-12   1836.16       23.0000       2.00000      -1.00000    
         222   347.461       40.3372      0.351351E+25  0.972663E+26  0.652804E+25  0.204419E+27  0.585821E-13  0.500588E-13  0.626857E-14  0.513478E-20  0.424182E-12  0.498002E-15  0.170819E-12  0.253246E-12   1885.46       23.0000       2.00000      -1.00000    
         223   355.935       41.4081      0.351718E+25  0.999396E+26  0.651920E+25  0.209988E+27  0.581495E-13  0.500066E-13  0.648921E-14  0.518354E-20  0.445590E-12  0.507174E-15  0.176380E-12  0.269130E-12   1984.21       23.0000       2.00000      -1.00000    
         224   364.410       42.4740      0.351792E+25  0.102505E+27  0.650580E+25  0.215397E+27  0.577294E-13  0.499961E-13  0.670566E-14  0.523078E-20  0.467159E-12  0.516274E-15  0.181835E-12  0.285266E-12   2037.47       24.0000       2.00000      -1.00000    
         225   372.884       43.5705      0.352189E+25  0.105227E+27  0.649536E+25  0.220956E+27  0.573065E-13  0.499396E-13  0.692639E-14  0.527421E-20  0.489692E-12  0.525646E-15  0.187393E-12  0.302275E-12   2139.28       24.0000       2.00000      -1.00000    
         226   381.358       44.6789      0.352616E+25  0.107970E+27  0.648400E+25  0.226490E+27  0.568899E-13  0.498792E-13  0.714754E-14  0.531522E-20  0.512824E-12  0.535114E-15  0.192953E-12  0.319861E-12   2193.54       24.0000       2.00000      -1.00000    
         227   389.833       45.7890      0.352925E+25  0.110694E+27  0.647108E+25  0.231981E+27  0.564864E-13  0.498356E-13  0.736685E-14  0.535453E-20  0.536338E-12  0.544656E-15  0.198456E-12  0.337881E-12   2308.59       24.0000       2.00000      -1.00000    
         228   398.307       46.8922      0.352864E+25  0.113314E+27  0.645709E+25  0.237529E+27  0.561060E-13  0.498441E-13  0.758001E-14  0.539317E-20  0.559814E-12  0.554132E-15  0.203798E-12  0.356033E-12   2357.23       24.0000       2.00000      -1.00000    
         229   406.782       47.9885      0.352517E+25  0.115844E+27  0.644062E+25  0.243015E+27  0.557430E-13  0.498932E-13  0.778822E-14  0.543121E-20  0.583314E-12  0.563591E-15  0.209009E-12  0.374380E-12   2472.03       24.0000       2.00000      -1.00000    
         230   415.256       49.1146      0.352492E+25  0.118508E+27  0.642604E+25  0.248580E+27  0.553743E-13  0.498968E-13  0.800057E-14  0.546583E-20  0.607828E-12  0.573264E-15  0.214323E-12  0.393613E-12   2531.00       24.0000       2.00000      -1.00000    
         231   423.730       50.2653      0.352668E+25  0.121288E+27  0.641319E+25  0.254253E+27  0.550054E-13  0.498718E-13  0.821534E-14  0.549756E-20  0.633207E-12  0.583183E-15  0.219693E-12  0.413667E-12   2653.76       24.0000       2.00000      -1.00000    
         232   432.205       51.4031      0.352516E+25  0.123922E+27  0.639678E+25  0.259786E+27  0.546518E-13  0.498934E-13  0.842394E-14  0.552900E-20  0.658503E-12  0.592995E-15  0.224906E-12  0.433771E-12   2711.32       23.0000       2.00000      -1.00000    
         233   440.679       52.5650      0.352606E+25  0.126665E+27  0.638045E+25  0.265276E+27  0.542932E-13  0.498806E-13  0.863572E-14  0.555758E-20  0.684755E-12  0.603059E-15  0.230199E-12  0.454748E-12   2844.65       23.0000       2.00000      -1.00000    
         234   449.154       53.7186      0.352365E+25  0.129320E+27  0.636525E+25  0.270980E+27  0.539626E-13  0.499148E-13  0.884064E-14  0.558595E-20  0.710857E-12  0.613053E-15  0.235306E-12  0.475752E-12   2894.53       23.0000       2.00000      -1.00000    
         235   457.628       54.8695      0.351913E+25  0.131926E+27  0.634979E+25  0.276752E+27  0.536499E-13  0.499789E-13  0.904081E-14  0.561384E-20  0.736988E-12  0.623099E-15  0.240287E-12  0.496970E-12   3026.97       23.0000       2.00000      -1.00000    
         236   466.102       56.0248      0.351477E+25  0.134491E+27  0.633141E+25  0.282303E+27  0.533357E-13  0.500409E-13  0.924051E-14  0.564050E-20  0.763588E-12  0.633114E-15  0.245257E-12  0.518640E-12   3085.76       23.0000       2.00000      -1.00000    
         237   474.577       57.1989      0.351155E+25  0.137131E+27  0.631445E+25  0.287957E+27  0.530246E-13  0.500867E-13  0.944085E-14  0.566507E-20  0.790883E-12  0.643297E-15  0.250241E-12  0.540986E-12   3138.52       23.0000       2.00000      -1.00000    
         238   483.051       58.3798      0.350764E+25  0.139772E+27  0.629804E+25  0.293711E+27  0.527230E-13  0.501425E-13  0.963836E-14  0.568846E-20  0.818468E-12  0.653575E-15  0.255152E-12  0.563721E-12   3248.88       24.0000       2.00000      -1.00000    
         239   491.526       59.6017      0.350738E+25  0.142631E+27  0.628505E+25  0.299686E+27  0.524153E-13  0.501462E-13  0.984114E-14  0.570842E-20  0.847375E-12  0.664240E-15  0.260192E-12  0.587657E-12   3407.60       24.0000       2.00000      -1.00000    
         240   500.000       60.7982      0.350340E+25  0.145269E+27  0.626765E+25  0.305402E+27  0.521232E-13  0.502032E-13  0.100360E-13  0.572930E-20  0.875850E-12  0.674662E-15  0.265033E-12  0.611319E-12   3458.00       24.0000       2.00000      -1.00000    


Rate coefficients (m3/s)
 C1    He    Elastic                                             
 C2    He    Excitation    19.82 eV                              
 C3    He    Ionization    24.59 eV                              
 C4    N2    Effective (momentum)                                
 C5    O2    Effective (momentum)                                
            R#      E/N (Td)   Energy (eV)      C1            C2            C3            C4            C5      
           1  0.100000E-01  0.523274E-01  0.725963E-14   0.00000       0.00000      0.591249E-14  0.235801E-14
           2   8.48441       8.03572      0.789547E-13  0.334074E-16  0.595946E-17  0.185108E-12  0.118089E-12
           3   16.9588       17.9013      0.704563E-13  0.560865E-15  0.967140E-15  0.240544E-12  0.189053E-12
           4   25.4332       30.3171      0.562462E-13  0.890898E-15  0.399181E-14  0.279211E-12  0.238168E-12
           5   33.9076       46.5665      0.439758E-13  0.983374E-15  0.804545E-14  0.304231E-12  0.280539E-12
           6   42.3820       66.5668      0.345642E-13  0.991363E-15  0.120554E-13  0.319767E-12  0.319639E-12
           7   50.8564       90.7531      0.275429E-13  0.973720E-15  0.155886E-13  0.329460E-12  0.354832E-12
           8   59.3308       120.318      0.222165E-13  0.947244E-15  0.185681E-13  0.335311E-12  0.384851E-12
           9   67.8053       156.777      0.181003E-13  0.916777E-15  0.209952E-13  0.338298E-12  0.408846E-12
          10   76.2797       202.460      0.148408E-13  0.883988E-15  0.229099E-13  0.338997E-12  0.426717E-12
          11   84.7541       260.616      0.122484E-13  0.849744E-15  0.243273E-13  0.337644E-12  0.438355E-12
          12   93.2285       337.167      0.101239E-13  0.813936E-15  0.253045E-13  0.334348E-12  0.444122E-12
          13   101.703       440.585      0.837230E-14  0.776672E-15  0.258666E-13  0.329042E-12  0.444170E-12
          14   110.177       581.713      0.691726E-14  0.738035E-15  0.260478E-13  0.321693E-12  0.438858E-12
          15   118.652       770.939      0.570727E-14  0.698436E-15  0.258910E-13  0.312424E-12  0.428819E-12
          16   127.126       1013.30      0.470717E-14  0.658731E-15  0.254559E-13  0.301603E-12  0.415048E-12
          17   135.601       1304.48      0.389043E-14  0.620122E-15  0.248190E-13  0.289824E-12  0.398850E-12
          18   144.075       1631.00      0.323331E-14  0.583856E-15  0.240636E-13  0.277783E-12  0.381611E-12
          19   152.549       1974.61      0.271204E-14  0.550897E-15  0.232655E-13  0.266112E-12  0.364539E-12
          20   161.024       2317.60      0.230283E-14  0.521758E-15  0.224820E-13  0.255263E-12  0.348492E-12
          21   169.498       2646.35      0.198340E-14  0.496520E-15  0.217497E-13  0.245485E-12  0.333948E-12
          22   177.973       2952.27      0.173422E-14  0.474951E-15  0.210867E-13  0.236855E-12  0.321086E-12
          23   186.447       3231.22      0.153921E-14  0.456657E-15  0.204986E-13  0.229338E-12  0.309882E-12
          24   194.921       3482.24      0.138562E-14  0.441185E-15  0.199832E-13  0.222839E-12  0.300204E-12
          25   203.396       3706.32      0.126365E-14  0.428095E-15  0.195344E-13  0.217237E-12  0.291877E-12
          26   211.870       3905.47      0.116587E-14  0.416992E-15  0.191444E-13  0.212407E-12  0.284716E-12
          27   220.345       4082.19      0.108671E-14  0.407536E-15  0.188056E-13  0.208237E-12  0.278546E-12
          28   228.819       4238.99      0.102197E-14  0.399442E-15  0.185107E-13  0.204624E-12  0.273214E-12
          29   237.293       4378.32      0.968501E-15  0.392477E-15  0.182532E-13  0.201482E-12  0.268589E-12
          30   245.768       4502.36      0.923922E-15  0.386450E-15  0.180276E-13  0.198738E-12  0.264559E-12
          31   254.242       4613.09      0.886419E-15  0.381206E-15  0.178292E-13  0.196330E-12  0.261031E-12
          32   262.717       4712.19      0.854601E-15  0.376618E-15  0.176540E-13  0.194209E-12  0.257930E-12
          33   271.191       4801.17      0.827391E-15  0.372584E-15  0.174986E-13  0.192330E-12  0.255190E-12
          34   279.665       4881.30      0.803948E-15  0.369018E-15  0.173603E-13  0.190660E-12  0.252759E-12
          35   288.140       4953.67      0.783613E-15  0.365851E-15  0.172366E-13  0.189169E-12  0.250592E-12
          36   296.614       5019.23      0.765859E-15  0.363027E-15  0.171257E-13  0.187832E-12  0.248654E-12
          37   305.089       5078.79      0.750267E-15  0.360497E-15  0.170258E-13  0.186629E-12  0.246913E-12
          38   313.563       5133.06      0.736498E-15  0.358221E-15  0.169355E-13  0.185543E-12  0.245344E-12
          39   322.037       5182.63      0.724276E-15  0.356167E-15  0.168537E-13  0.184559E-12  0.243924E-12
          40   330.512       5228.03      0.713375E-15  0.354306E-15  0.167792E-13  0.183665E-12  0.242635E-12
          41   338.986       5269.71      0.703609E-15  0.352615E-15  0.167113E-13  0.182849E-12  0.241461E-12
          42   347.461       5308.06      0.694825E-15  0.351073E-15  0.166492E-13  0.182104E-12  0.240390E-12
          43   355.935       5343.44      0.686892E-15  0.349663E-15  0.165923E-13  0.181420E-12  0.239408E-12
          44   364.410       5376.14      0.679702E-15  0.348370E-15  0.165399E-13  0.180792E-12  0.238507E-12
          45   372.884       5406.42      0.673163E-15  0.347181E-15  0.164917E-13  0.180213E-12  0.237678E-12
          46   381.358       5434.53      0.667198E-15  0.346086E-15  0.164471E-13  0.179678E-12  0.236912E-12
          47   389.833       5460.66      0.661740E-15  0.345074E-15  0.164058E-13  0.179183E-12  0.236205E-12
          48   398.307       5484.99      0.656732E-15  0.344137E-15  0.163675E-13  0.178724E-12  0.235549E-12
          49   406.782       5507.70      0.652125E-15  0.343268E-15  0.163320E-13  0.178297E-12  0.234940E-12
          50   415.256       5528.92      0.647876E-15  0.342460E-15  0.162988E-13  0.177900E-12  0.234374E-12
          51   423.730       5548.77      0.643948E-15  0.341708E-15  0.162679E-13  0.177529E-12  0.233846E-12
          52   432.205       5567.38      0.640309E-15  0.341006E-15  0.162391E-13  0.177183E-12  0.233353E-12
          53   440.679       5584.85      0.636930E-15  0.340351E-15  0.162121E-13  0.176859E-12  0.232892E-12
          54   449.154       5601.27      0.633788E-15  0.339737E-15  0.161867E-13  0.176556E-12  0.232461E-12
          55   457.628       5616.72      0.630859E-15  0.339161E-15  0.161630E-13  0.176271E-12  0.232056E-12
          56   466.102       5631.28      0.628124E-15  0.338621E-15  0.161406E-13  0.176003E-12  0.231676E-12
          57   474.577       5645.01      0.625567E-15  0.338113E-15  0.161196E-13  0.175751E-12  0.231318E-12
          58   483.051       5657.98      0.623171E-15  0.337635E-15  0.160998E-13  0.175514E-12  0.230981E-12
          59   491.526       5670.25      0.620924E-15  0.337184E-15  0.160811E-13  0.175290E-12  0.230664E-12
          60   500.000       5681.86      0.618812E-15  0.336759E-15  0.160635E-13  0.175078E-12  0.230364E-12
          61  0.100000E-01  0.430710E-01  0.644436E-14   0.00000       0.00000      0.491053E-14  0.192167E-14
          62   8.48441       6.04473      0.760198E-13  0.167733E-17  0.689442E-20  0.170884E-12  0.957878E-13
          63   16.9588       8.02689      0.781461E-13  0.281507E-16  0.182008E-17  0.185747E-12  0.118031E-12
          64   25.4332       8.87651      0.781434E-13  0.656754E-16  0.112215E-16  0.191785E-12  0.126093E-12
          65   33.9076       9.59013      0.779549E-13  0.105285E-15  0.310175E-16  0.196462E-12  0.132297E-12
          66   42.3820       10.2510      0.776497E-13  0.144374E-15  0.614053E-16  0.200545E-12  0.137701E-12
          67   50.8564       10.8891      0.772750E-13  0.182350E-15  0.101903E-15  0.204303E-12  0.142672E-12
          68   59.3308       11.5081      0.768285E-13  0.218871E-15  0.151748E-15  0.207807E-12  0.147276E-12
          69   67.8053       12.1159      0.763303E-13  0.253917E-15  0.210214E-15  0.211138E-12  0.151610E-12
          70   76.2797       12.7176      0.757926E-13  0.287606E-15  0.276731E-15  0.214331E-12  0.155735E-12
          71   84.7541       13.3137      0.752210E-13  0.319922E-15  0.350628E-15  0.217399E-12  0.159667E-12
          72   93.2285       13.9034      0.746182E-13  0.350857E-15  0.431378E-15  0.220346E-12  0.163406E-12
          73   101.703       14.4919      0.739945E-13  0.380592E-15  0.518582E-15  0.223197E-12  0.167006E-12
          74   110.177       15.0791      0.733557E-13  0.409090E-15  0.611742E-15  0.225957E-12  0.170477E-12
          75   118.652       15.6658      0.727052E-13  0.436411E-15  0.710537E-15  0.228627E-12  0.173828E-12
          76   127.126       16.2507      0.720409E-13  0.462558E-15  0.814521E-15  0.231205E-12  0.177052E-12
          77   135.601       16.8377      0.713706E-13  0.487627E-15  0.923456E-15  0.233717E-12  0.180189E-12
          78   144.075       17.4252      0.706962E-13  0.511618E-15  0.103699E-14  0.236152E-12  0.183228E-12
          79   152.549       18.0150      0.700207E-13  0.534558E-15  0.115485E-14  0.238521E-12  0.186190E-12
          80   161.024       18.6078      0.693442E-13  0.556521E-15  0.127685E-14  0.240827E-12  0.189082E-12
          81   169.498       19.2026      0.686664E-13  0.577531E-15  0.140265E-14  0.243064E-12  0.191898E-12
          82   177.973       19.7971      0.679910E-13  0.597456E-15  0.153155E-14  0.245227E-12  0.194629E-12
          83   186.447       20.3977      0.673147E-13  0.616641E-15  0.166425E-14  0.247344E-12  0.197316E-12
          84   194.921       20.9978      0.666425E-13  0.634803E-15  0.179954E-14  0.249388E-12  0.199922E-12
          85   203.396       21.6035      0.659752E-13  0.652163E-15  0.193804E-14  0.251388E-12  0.202488E-12
          86   211.870       22.2130      0.653133E-13  0.668769E-15  0.207913E-14  0.253337E-12  0.205008E-12
          87   220.345       22.8272      0.646556E-13  0.684646E-15  0.222275E-14  0.255242E-12  0.207489E-12
          88   228.819       23.4445      0.640027E-13  0.699730E-15  0.236873E-14  0.257090E-12  0.209916E-12
          89   237.293       24.0653      0.633555E-13  0.714104E-15  0.251673E-14  0.258890E-12  0.212299E-12
          90   245.768       24.6901      0.627139E-13  0.727813E-15  0.266660E-14  0.260645E-12  0.214644E-12
          91   254.242       25.3212      0.620764E-13  0.740897E-15  0.281882E-14  0.262359E-12  0.216957E-12
          92   262.717       25.9535      0.614482E-13  0.753289E-15  0.297198E-14  0.264020E-12  0.219221E-12
          93   271.191       26.5923      0.608232E-13  0.765135E-15  0.312725E-14  0.265646E-12  0.221460E-12
          94   279.665       27.2341      0.602073E-13  0.776387E-15  0.328341E-14  0.267226E-12  0.223661E-12
          95   288.140       27.8830      0.595958E-13  0.787160E-15  0.344141E-14  0.268775E-12  0.225843E-12
          96   296.614       28.5364      0.589920E-13  0.797383E-15  0.360053E-14  0.270286E-12  0.227997E-12
          97   305.089       29.1927      0.583968E-13  0.807133E-15  0.376003E-14  0.271757E-12  0.230119E-12
          98   313.563       29.8586      0.578038E-13  0.816423E-15  0.392189E-14  0.273200E-12  0.232227E-12
          99   322.037       30.5230      0.572230E-13  0.825195E-15  0.408296E-14  0.274593E-12  0.234287E-12
         100   330.512       31.1970      0.566463E-13  0.833611E-15  0.424564E-14  0.275966E-12  0.236345E-12
         101   338.986       31.8749      0.560766E-13  0.841586E-15  0.440886E-14  0.277304E-12  0.238375E-12
         102   347.461       32.5568      0.555153E-13  0.849100E-15  0.457240E-14  0.278604E-12  0.240375E-12
         103   355.935       33.2433      0.549602E-13  0.856273E-15  0.473636E-14  0.279875E-12  0.242354E-12
         104   364.410       33.9392      0.544089E-13  0.863169E-15  0.490147E-14  0.281124E-12  0.244326E-12
         105   372.884       34.6343      0.538677E-13  0.869706E-15  0.506556E-14  0.282338E-12  0.246265E-12
         106   381.358       35.3433      0.533287E-13  0.875862E-15  0.523207E-14  0.283532E-12  0.248204E-12
         107   389.833       36.0480      0.528042E-13  0.881672E-15  0.539624E-14  0.284684E-12  0.250102E-12
         108   398.307       36.7614      0.522836E-13  0.887266E-15  0.556121E-14  0.285818E-12  0.251994E-12
         109   406.782       37.4878      0.517635E-13  0.892632E-15  0.572812E-14  0.286941E-12  0.253892E-12
         110   415.256       38.2147      0.512526E-13  0.897707E-15  0.589387E-14  0.288031E-12  0.255762E-12
         111   423.730       38.9430      0.507529E-13  0.902427E-15  0.605844E-14  0.289084E-12  0.257598E-12
         112   432.205       39.6799      0.502569E-13  0.906925E-15  0.622371E-14  0.290119E-12  0.259429E-12
         113   440.679       40.4224      0.497661E-13  0.911223E-15  0.638891E-14  0.291132E-12  0.261245E-12
         114   449.154       41.1728      0.492807E-13  0.915283E-15  0.655433E-14  0.292124E-12  0.263050E-12
         115   457.628       41.9248      0.488042E-13  0.919073E-15  0.671863E-14  0.293091E-12  0.264834E-12
         116   466.102       42.6833      0.483334E-13  0.922712E-15  0.688264E-14  0.294038E-12  0.266607E-12
         117   474.577       43.4513      0.478671E-13  0.926172E-15  0.704692E-14  0.294967E-12  0.268374E-12
         118   483.051       44.2170      0.474086E-13  0.929457E-15  0.720951E-14  0.295876E-12  0.270115E-12
         119   491.526       45.0030      0.469481E-13  0.932556E-15  0.737496E-14  0.296778E-12  0.271874E-12
         120   500.000       45.7893      0.465006E-13  0.935422E-15  0.753806E-14  0.297644E-12  0.273600E-12
         121  0.100000E-01  0.410293E-01  0.625167E-14   0.00000       0.00000      0.468862E-14  0.182669E-14
         122   8.48441       5.55344      0.747150E-13  0.110858E-17  0.311371E-20  0.167923E-12  0.897338E-13
         123   16.9588       7.54765      0.776224E-13  0.198478E-16  0.969467E-18  0.182247E-12  0.112673E-12
         124   25.4332       8.31669      0.778542E-13  0.479338E-16  0.652193E-17  0.187816E-12  0.120324E-12
         125   33.9076       8.94013      0.778405E-13  0.789078E-16  0.190734E-16  0.192042E-12  0.126011E-12
         126   42.3820       9.51632      0.777049E-13  0.110569E-15  0.393409E-16  0.195729E-12  0.130964E-12
         127   50.8564       10.0719      0.774896E-13  0.142039E-15  0.673206E-16  0.199129E-12  0.135522E-12
         128   59.3308       10.6147      0.772053E-13  0.173000E-15  0.102784E-15  0.202322E-12  0.139791E-12
         129   67.8053       11.1484      0.768588E-13  0.203244E-15  0.145370E-15  0.205367E-12  0.143824E-12
         130   76.2797       11.6786      0.764677E-13  0.232784E-15  0.194765E-15  0.208303E-12  0.147685E-12
         131   84.7541       12.2065      0.760390E-13  0.261505E-15  0.250594E-15  0.211147E-12  0.151398E-12
         132   93.2285       12.7325      0.755727E-13  0.289482E-15  0.312602E-15  0.213905E-12  0.154965E-12
         133   101.703       13.2572      0.750774E-13  0.316641E-15  0.380389E-15  0.216582E-12  0.158402E-12
         134   110.177       13.7820      0.745573E-13  0.343041E-15  0.453763E-15  0.219184E-12  0.161725E-12
         135   118.652       14.3079      0.740188E-13  0.368626E-15  0.532383E-15  0.221721E-12  0.164950E-12
         136   127.126       14.8348      0.734656E-13  0.393377E-15  0.615965E-15  0.224191E-12  0.168081E-12
         137   135.601       15.3635      0.728938E-13  0.417427E-15  0.704465E-15  0.226600E-12  0.171120E-12
         138   144.075       15.8929      0.723131E-13  0.440582E-15  0.797312E-15  0.228944E-12  0.174072E-12
         139   152.549       16.4248      0.717246E-13  0.462978E-15  0.894462E-15  0.231232E-12  0.176951E-12
         140   161.024       16.9599      0.711300E-13  0.484596E-15  0.995728E-15  0.233470E-12  0.179766E-12
         141   169.498       17.4989      0.705297E-13  0.505515E-15  0.110105E-14  0.235658E-12  0.182523E-12
         142   177.973       18.0399      0.699272E-13  0.525625E-15  0.120974E-14  0.237790E-12  0.185217E-12
         143   186.447       18.5834      0.693189E-13  0.545007E-15  0.132203E-14  0.239867E-12  0.187843E-12
         144   194.921       19.1306      0.687109E-13  0.563618E-15  0.143757E-14  0.241897E-12  0.190421E-12
         145   203.396       19.6811      0.681009E-13  0.581607E-15  0.155611E-14  0.243880E-12  0.192948E-12
         146   211.870       20.2341      0.674916E-13  0.598797E-15  0.167756E-14  0.245811E-12  0.195418E-12
         147   220.345       20.7899      0.668875E-13  0.615302E-15  0.180125E-14  0.247699E-12  0.197846E-12
         148   228.819       21.3540      0.662801E-13  0.631305E-15  0.192859E-14  0.249558E-12  0.200251E-12
         149   237.293       21.9192      0.656785E-13  0.646659E-15  0.205748E-14  0.251368E-12  0.202608E-12
         150   245.768       22.4883      0.650783E-13  0.661280E-15  0.218904E-14  0.253132E-12  0.204919E-12
         151   254.242       23.0609      0.644825E-13  0.675383E-15  0.232223E-14  0.254858E-12  0.207198E-12
         152   262.717       23.6382      0.638888E-13  0.688902E-15  0.245773E-14  0.256546E-12  0.209443E-12
         153   271.191       24.2195      0.632994E-13  0.701853E-15  0.259501E-14  0.258195E-12  0.211654E-12
         154   279.665       24.8039      0.627147E-13  0.714288E-15  0.273371E-14  0.259804E-12  0.213830E-12
         155   288.140       25.3947      0.621311E-13  0.726236E-15  0.287469E-14  0.261384E-12  0.215984E-12
         156   296.614       25.9857      0.615577E-13  0.737584E-15  0.301595E-14  0.262916E-12  0.218094E-12
         157   305.089       26.5846      0.609851E-13  0.748570E-15  0.315947E-14  0.264425E-12  0.220192E-12
         158   313.563       27.1888      0.604165E-13  0.759114E-15  0.330452E-14  0.265904E-12  0.222269E-12
         159   322.037       27.7925      0.598593E-13  0.769096E-15  0.344927E-14  0.267339E-12  0.224306E-12
         160   330.512       28.4051      0.593018E-13  0.778736E-15  0.359639E-14  0.268753E-12  0.226334E-12
         161   338.986       29.0210      0.587498E-13  0.787991E-15  0.374420E-14  0.270132E-12  0.228331E-12
         162   347.461       29.6379      0.582070E-13  0.796796E-15  0.389192E-14  0.271473E-12  0.230297E-12
         163   355.935       30.2627      0.576681E-13  0.805154E-15  0.404134E-14  0.272793E-12  0.232253E-12
         164   364.410       30.8927      0.571316E-13  0.813353E-15  0.419137E-14  0.274092E-12  0.234198E-12
         165   372.884       31.5237      0.566055E-13  0.820960E-15  0.434150E-14  0.275347E-12  0.236101E-12
         166   381.358       32.1581      0.560849E-13  0.828319E-15  0.449172E-14  0.276577E-12  0.237986E-12
         167   389.833       32.8031      0.555643E-13  0.835462E-15  0.464381E-14  0.277793E-12  0.239872E-12
         168   398.307       33.4465      0.550537E-13  0.842245E-15  0.479487E-14  0.278974E-12  0.241725E-12
         169   406.782       34.1016      0.545444E-13  0.848744E-15  0.494797E-14  0.280140E-12  0.243577E-12
         170   415.256       34.7506      0.540502E-13  0.854801E-15  0.509876E-14  0.281263E-12  0.245385E-12
         171   423.730       35.4102      0.535564E-13  0.860721E-15  0.525104E-14  0.282373E-12  0.247194E-12
         172   432.205       36.0769      0.530651E-13  0.866429E-15  0.540414E-14  0.283468E-12  0.248998E-12
         173   440.679       36.7482      0.525788E-13  0.871871E-15  0.555746E-14  0.284540E-12  0.250786E-12
         174   449.154       37.4195      0.521029E-13  0.877013E-15  0.570948E-14  0.285578E-12  0.252544E-12
         175   457.628       38.0934      0.516345E-13  0.881867E-15  0.586105E-14  0.286590E-12  0.254280E-12
         176   466.102       38.7759      0.511669E-13  0.886579E-15  0.601361E-14  0.287590E-12  0.256014E-12
         177   474.577       39.4657      0.507029E-13  0.891067E-15  0.616678E-14  0.288573E-12  0.257741E-12
         178   483.051       40.1569      0.502474E-13  0.895282E-15  0.631902E-14  0.289531E-12  0.259446E-12
         179   491.526       40.8486      0.498000E-13  0.899374E-15  0.646981E-14  0.290464E-12  0.261129E-12
         180   500.000       41.5517      0.493534E-13  0.903322E-15  0.662182E-14  0.291387E-12  0.262816E-12
         181  0.100000E-01  0.401821E-01  0.617021E-14   0.00000       0.00000      0.459647E-14  0.178741E-14
         182   8.48441       5.37653      0.741528E-13  0.163533E-17  0.122339E-19  0.167245E-12  0.873847E-13
         183   16.9588       7.18742      0.770262E-13  0.208840E-16  0.172154E-17  0.179665E-12  0.108174E-12
         184   25.4332       7.95259      0.774060E-13  0.480385E-16  0.987180E-17  0.185075E-12  0.115825E-12
         185   33.9076       8.59775      0.774937E-13  0.778379E-16  0.271715E-16  0.189353E-12  0.121746E-12
         186   42.3820       9.21628      0.774240E-13  0.108748E-15  0.546907E-16  0.193234E-12  0.127090E-12
         187   50.8564       9.83295      0.772323E-13  0.140147E-15  0.928670E-16  0.196939E-12  0.132152E-12
         188   59.3308       10.4548      0.769330E-13  0.171863E-15  0.142046E-15  0.200530E-12  0.137004E-12
         189   67.8053       11.0868      0.765428E-13  0.203601E-15  0.202310E-15  0.204047E-12  0.141700E-12
         190   76.2797       11.7310      0.760709E-13  0.235373E-15  0.273907E-15  0.207493E-12  0.146251E-12
         191   84.7541       12.3897      0.755325E-13  0.266821E-15  0.356613E-15  0.210882E-12  0.150688E-12
         192   93.2285       13.0650      0.749335E-13  0.297971E-15  0.450763E-15  0.214217E-12  0.155020E-12
         193   101.703       13.7566      0.742836E-13  0.328658E-15  0.555830E-15  0.217489E-12  0.159251E-12
         194   110.177       14.4656      0.735918E-13  0.358666E-15  0.671505E-15  0.220706E-12  0.163397E-12
         195   118.652       15.1923      0.728645E-13  0.387908E-15  0.797635E-15  0.223863E-12  0.167460E-12
         196   127.126       15.9388      0.721046E-13  0.416413E-15  0.934046E-15  0.226967E-12  0.171457E-12
         197   135.601       16.7043      0.713170E-13  0.444138E-15  0.108036E-14  0.230007E-12  0.175380E-12
         198   144.075       17.4862      0.705129E-13  0.470724E-15  0.123514E-14  0.232984E-12  0.179236E-12
         199   152.549       18.2836      0.696934E-13  0.496431E-15  0.139775E-14  0.235888E-12  0.183014E-12
         200   161.024       19.1008      0.688599E-13  0.521019E-15  0.156933E-14  0.238728E-12  0.186735E-12
         201   169.498       19.9359      0.680141E-13  0.544887E-15  0.174782E-14  0.241510E-12  0.190405E-12
         202   177.973       20.7827      0.671710E-13  0.567312E-15  0.193214E-14  0.244210E-12  0.193999E-12
         203   186.447       21.6570      0.663079E-13  0.589222E-15  0.212573E-14  0.246870E-12  0.197571E-12
         204   194.921       22.5297      0.654660E-13  0.609546E-15  0.232020E-14  0.249421E-12  0.201035E-12
         205   203.396       23.4280      0.646086E-13  0.629429E-15  0.252256E-14  0.251929E-12  0.204475E-12
         206   211.870       24.3354      0.637656E-13  0.647830E-15  0.272841E-14  0.254352E-12  0.207844E-12
         207   220.345       25.2578      0.629213E-13  0.665688E-15  0.293794E-14  0.256718E-12  0.211170E-12
         208   228.819       26.1989      0.620759E-13  0.682830E-15  0.315245E-14  0.259036E-12  0.214468E-12
         209   237.293       27.1315      0.612635E-13  0.698269E-15  0.336522E-14  0.261223E-12  0.217631E-12
         210   245.768       28.0968      0.604379E-13  0.713468E-15  0.358513E-14  0.263404E-12  0.220825E-12
         211   254.242       29.0601      0.596304E-13  0.727762E-15  0.380406E-14  0.265488E-12  0.223921E-12
         212   262.717       30.0518      0.588209E-13  0.741394E-15  0.402898E-14  0.267545E-12  0.227023E-12
         213   271.191       31.0230      0.580474E-13  0.754014E-15  0.424731E-14  0.269482E-12  0.229990E-12
         214   279.665       32.0332      0.572596E-13  0.766094E-15  0.447442E-14  0.271418E-12  0.232995E-12
         215   288.140       33.0358      0.564954E-13  0.777593E-15  0.469764E-14  0.273270E-12  0.235913E-12
         216   296.614       34.0619      0.557337E-13  0.788610E-15  0.492442E-14  0.275088E-12  0.238825E-12
         217   305.089       35.0716      0.550071E-13  0.798494E-15  0.514539E-14  0.276796E-12  0.241615E-12
         218   313.563       36.1179      0.542676E-13  0.808094E-15  0.537352E-14  0.278509E-12  0.244445E-12
         219   322.037       37.1575      0.535545E-13  0.817057E-15  0.559726E-14  0.280144E-12  0.247195E-12
         220   330.512       38.2061      0.528521E-13  0.825716E-15  0.582020E-14  0.281726E-12  0.249903E-12
         221   338.986       39.2633      0.521589E-13  0.833776E-15  0.604357E-14  0.283267E-12  0.252576E-12
         222   347.461       40.3372      0.514722E-13  0.841300E-15  0.626857E-14  0.284775E-12  0.255235E-12
         223   355.935       41.4081      0.508121E-13  0.848181E-15  0.648920E-14  0.286209E-12  0.257819E-12
         224   364.410       42.4740      0.501689E-13  0.854837E-15  0.670566E-14  0.287591E-12  0.260344E-12
         225   372.884       43.5705      0.495187E-13  0.861393E-15  0.692639E-14  0.288972E-12  0.262897E-12
         226   381.358       44.6789      0.488748E-13  0.867565E-15  0.714754E-14  0.290323E-12  0.265429E-12
         227   389.833       45.7890      0.482464E-13  0.873137E-15  0.736685E-14  0.291620E-12  0.267904E-12
         228   398.307       46.8922      0.476478E-13  0.878185E-15  0.758001E-14  0.292845E-12  0.270302E-12
         229   406.782       47.9885      0.470719E-13  0.882803E-15  0.778822E-14  0.294010E-12  0.272631E-12
         230   415.256       49.1146      0.464863E-13  0.887426E-15  0.800057E-14  0.295182E-12  0.274991E-12
         231   423.730       50.2653      0.458981E-13  0.891928E-15  0.821534E-14  0.296351E-12  0.277367E-12
         232   432.205       51.4031      0.453317E-13  0.896159E-15  0.842394E-14  0.297464E-12  0.279667E-12
         233   440.679       52.5650      0.447571E-13  0.900421E-15  0.863572E-14  0.298584E-12  0.281991E-12
         234   449.154       53.7186      0.442181E-13  0.903867E-15  0.884064E-14  0.299617E-12  0.284219E-12
         235   457.628       54.8695      0.437023E-13  0.906826E-15  0.904081E-14  0.300597E-12  0.286386E-12
         236   466.102       56.0248      0.431854E-13  0.909844E-15  0.924051E-14  0.301572E-12  0.288540E-12
         237   474.577       57.1989      0.426711E-13  0.912721E-15  0.944085E-14  0.302533E-12  0.290692E-12
         238   483.051       58.3798      0.421692E-13  0.915461E-15  0.963836E-14  0.303456E-12  0.292809E-12
         239   491.526       59.6017      0.416559E-13  0.918205E-15  0.984114E-14  0.304389E-12  0.294970E-12
         240   500.000       60.7982      0.411665E-13  0.920675E-15  0.100360E-13  0.305277E-12  0.297045E-12


